TRACE::2026-08-09.08:59:52::SCWPlatform::Trying to open the hw design at D:/projects/sdr200/Soft/Z7010/PS/front_ps/hw/front_wrapper.xsa
TRACE::2026-08-09.08:59:52::SCWPlatform::DSA given D:/projects/sdr200/Soft/Z7010/PS/front_ps/hw/front_wrapper.xsa
TRACE::2026-08-09.08:59:52::SCWPlatform::DSA absoulate path D:/projects/sdr200/Soft/Z7010/PS/front_ps/hw/front_wrapper.xsa
TRACE::2026-08-09.08:59:52::SCWPlatform::DSA directory D:/projects/sdr200/Soft/Z7010/PS/front_ps/hw
TRACE::2026-08-09.08:59:52::SCWPlatform:: Platform Path D:/projects/sdr200/Soft/Z7010/PS/front_ps/hw/front_wrapper.xsa
TRACE::2026-08-09.08:59:52::SCWPlatform:: Unique name xilinx:::0.0
TRACE::2026-08-09.08:59:52::SCWPlatform::Do not have an existing db opened. 
TRACE::2026-08-09.08:59:54::SCWPlatform::Opened new HwDB with name front_wrapper_6
TRACE::2026-08-09.08:59:54::SCWWriter::formatted JSON is {
	"platformName":	"front_ps",
	"sprVersion":	"2.0",
	"mode":	"gui",
	"dsaType":	"Fixed",
	"platformDesc":	"front_ps",
	"platHandOff":	"D:/projects/sdr200/Soft/Z7010/PL/front_wrapper.xsa",
	"platIntHandOff":	"<platformDir>/hw/front_wrapper.xsa",
	"deviceType":	"zynq",
	"platIsPrebuiltAutogen":	"false",
	"platIsNoBootBsp":	"false",
	"hasFsblMakeHasChanges":	"false",
	"hasPmufwMakeHasChanges":	"false",
	"platPreBuiltFlag":	false,
	"platformSamplesDir":	""
}
TRACE::2026-08-09.08:59:54::SCWWriter::formatted JSON is {
	"platformName":	"front_ps",
	"sprVersion":	"2.0",
	"mode":	"gui",
	"dsaType":	"Fixed",
	"platformDesc":	"front_ps",
	"platHandOff":	"D:/projects/sdr200/Soft/Z7010/PL/front_wrapper.xsa",
	"platIntHandOff":	"<platformDir>/hw/front_wrapper.xsa",
	"deviceType":	"zynq",
	"platIsPrebuiltAutogen":	"false",
	"platIsNoBootBsp":	"false",
	"hasFsblMakeHasChanges":	"false",
	"hasPmufwMakeHasChanges":	"false",
	"platPreBuiltFlag":	false,
	"platformSamplesDir":	"",
	"platActiveSys":	"front_ps",
	"systems":	[{
			"systemName":	"front_ps",
			"systemDesc":	"front_ps",
			"sysIsBootAutoGen":	"true",
			"systemDispName":	"front_ps"
		}]
}
TRACE::2026-08-09.08:59:54::SCWPlatform::Boot application domains not present, creating them
TRACE::2026-08-09.08:59:54::SCWDomain::checking for install qemu data   : 
TRACE::2026-08-09.08:59:54::SCWDomain:: Using the QEMU Data from install at  : C:/Xilinx/Vitis/2023.2/data/emulation/platforms/zynq/sw/a9_standalone/qemu/
TRACE::2026-08-09.08:59:54::SCWDomain:: Using the QEMU args  from install at  : C:/Xilinx/Vitis/2023.2/data/emulation/platforms/zynq/sw/a9_standalone/qemu/qemu_args.txt
TRACE::2026-08-09.08:59:54::SCWPlatform::Trying to open the hw design at D:/projects/sdr200/Soft/Z7010/PS/front_ps/hw/front_wrapper.xsa
TRACE::2026-08-09.08:59:54::SCWPlatform::DSA given D:/projects/sdr200/Soft/Z7010/PS/front_ps/hw/front_wrapper.xsa
TRACE::2026-08-09.08:59:54::SCWPlatform::DSA absoulate path D:/projects/sdr200/Soft/Z7010/PS/front_ps/hw/front_wrapper.xsa
TRACE::2026-08-09.08:59:54::SCWPlatform::DSA directory D:/projects/sdr200/Soft/Z7010/PS/front_ps/hw
TRACE::2026-08-09.08:59:54::SCWPlatform:: Platform Path D:/projects/sdr200/Soft/Z7010/PS/front_ps/hw/front_wrapper.xsa
TRACE::2026-08-09.08:59:54::SCWPlatform:: Unique name xilinx:::0.0
TRACE::2026-08-09.08:59:54::SCWPlatform::Trying to set the existing hwdb with name front_wrapper_6
TRACE::2026-08-09.08:59:54::SCWPlatform::Opened existing hwdb front_wrapper_6
TRACE::2026-08-09.08:59:54::SCWPlatform::Found the Hw Db part of the input DSA
TRACE::2026-08-09.08:59:54::SCWPlatform::Trying to open the hw design at D:/projects/sdr200/Soft/Z7010/PS/front_ps/hw/front_wrapper.xsa
TRACE::2026-08-09.08:59:54::SCWPlatform::DSA given D:/projects/sdr200/Soft/Z7010/PS/front_ps/hw/front_wrapper.xsa
TRACE::2026-08-09.08:59:54::SCWPlatform::DSA absoulate path D:/projects/sdr200/Soft/Z7010/PS/front_ps/hw/front_wrapper.xsa
TRACE::2026-08-09.08:59:54::SCWPlatform::DSA directory D:/projects/sdr200/Soft/Z7010/PS/front_ps/hw
TRACE::2026-08-09.08:59:54::SCWPlatform:: Platform Path D:/projects/sdr200/Soft/Z7010/PS/front_ps/hw/front_wrapper.xsa
TRACE::2026-08-09.08:59:54::SCWPlatform:: Unique name xilinx:::0.0
TRACE::2026-08-09.08:59:54::SCWPlatform::Trying to set the existing hwdb with name front_wrapper_6
TRACE::2026-08-09.08:59:54::SCWPlatform::Opened existing hwdb front_wrapper_6
TRACE::2026-08-09.08:59:54::SCWPlatform::Found the Hw Db part of the input DSA
TRACE::2026-08-09.08:59:54::SCWPlatform::Trying to open the hw design at D:/projects/sdr200/Soft/Z7010/PS/front_ps/hw/front_wrapper.xsa
TRACE::2026-08-09.08:59:54::SCWPlatform::DSA given D:/projects/sdr200/Soft/Z7010/PS/front_ps/hw/front_wrapper.xsa
TRACE::2026-08-09.08:59:54::SCWPlatform::DSA absoulate path D:/projects/sdr200/Soft/Z7010/PS/front_ps/hw/front_wrapper.xsa
TRACE::2026-08-09.08:59:54::SCWPlatform::DSA directory D:/projects/sdr200/Soft/Z7010/PS/front_ps/hw
TRACE::2026-08-09.08:59:54::SCWPlatform:: Platform Path D:/projects/sdr200/Soft/Z7010/PS/front_ps/hw/front_wrapper.xsa
TRACE::2026-08-09.08:59:54::SCWPlatform:: Unique name xilinx:::0.0
TRACE::2026-08-09.08:59:54::SCWPlatform::Trying to set the existing hwdb with name front_wrapper_6
TRACE::2026-08-09.08:59:54::SCWPlatform::Opened existing hwdb front_wrapper_6
TRACE::2026-08-09.08:59:54::SCWPlatform::Found the Hw Db part of the input DSA
TRACE::2026-08-09.08:59:54::SCWPlatform::Boot application domain added for zynq_fsbl
TRACE::2026-08-09.08:59:54::SCWPlatform::Generating the sources  .
TRACE::2026-08-09.08:59:54::SCWBDomain::Generating boot domain sources.
TRACE::2026-08-09.08:59:54::SCWBDomain:: Generating the zynq_fsbl Application.
TRACE::2026-08-09.08:59:54::SCWPlatform::Trying to open the hw design at D:/projects/sdr200/Soft/Z7010/PS/front_ps/hw/front_wrapper.xsa
TRACE::2026-08-09.08:59:54::SCWPlatform::DSA given D:/projects/sdr200/Soft/Z7010/PS/front_ps/hw/front_wrapper.xsa
TRACE::2026-08-09.08:59:54::SCWPlatform::DSA absoulate path D:/projects/sdr200/Soft/Z7010/PS/front_ps/hw/front_wrapper.xsa
TRACE::2026-08-09.08:59:54::SCWPlatform::DSA directory D:/projects/sdr200/Soft/Z7010/PS/front_ps/hw
TRACE::2026-08-09.08:59:54::SCWPlatform:: Platform Path D:/projects/sdr200/Soft/Z7010/PS/front_ps/hw/front_wrapper.xsa
TRACE::2026-08-09.08:59:54::SCWPlatform:: Unique name xilinx:::0.0
TRACE::2026-08-09.08:59:54::SCWPlatform::Trying to set the existing hwdb with name front_wrapper_6
TRACE::2026-08-09.08:59:54::SCWPlatform::Opened existing hwdb front_wrapper_6
TRACE::2026-08-09.08:59:54::SCWPlatform::Found the Hw Db part of the input DSA
TRACE::2026-08-09.08:59:54::SCWMssOS::Checking the sw design at  D:/projects/sdr200/Soft/Z7010/PS/front_ps/zynq_fsbl/zynq_fsbl_bsp/system.mss
TRACE::2026-08-09.08:59:54::SCWMssOS::DEBUG:  swdes dump  
TRACE::2026-08-09.08:59:54::SCWMssOS::No sw design opened at  D:/projects/sdr200/Soft/Z7010/PS/front_ps/zynq_fsbl/zynq_fsbl_bsp/system.mss
TRACE::2026-08-09.08:59:54::SCWMssOS::mss does not exists at D:/projects/sdr200/Soft/Z7010/PS/front_ps/zynq_fsbl/zynq_fsbl_bsp/system.mss
TRACE::2026-08-09.08:59:54::SCWMssOS::Creating sw design at  D:/projects/sdr200/Soft/Z7010/PS/front_ps/zynq_fsbl/zynq_fsbl_bsp/system.mss
TRACE::2026-08-09.08:59:54::SCWMssOS::Adding the swdes entry, created swdb D:/projects/sdr200/Soft/Z7010/PS/front_ps/zynq_fsbl/zynq_fsbl_bsp/system.mss with des name D:/projects/sdr200/Soft/Z7010/PS/front_ps/zynq_fsbl/zynq_fsbl_bsp/system.mss
TRACE::2026-08-09.08:59:54::SCWMssOS::updating the scw layer changes to swdes at   D:/projects/sdr200/Soft/Z7010/PS/front_ps/zynq_fsbl/zynq_fsbl_bsp/system.mss
TRACE::2026-08-09.08:59:54::SCWMssOS::Writing mss at D:/projects/sdr200/Soft/Z7010/PS/front_ps/zynq_fsbl/zynq_fsbl_bsp/system.mss
TRACE::2026-08-09.08:59:54::SCWMssOS::Completed writing the mss file at D:/projects/sdr200/Soft/Z7010/PS/front_ps/zynq_fsbl/zynq_fsbl_bsp
TRACE::2026-08-09.08:59:54::SCWMssOS::Picking up changes from newly written mss file into SCW Layer. 
TRACE::2026-08-09.08:59:54::SCWMssOS::Updated the changes from newly written mss file into SCW Layer. 
TRACE::2026-08-09.08:59:54::SCWBDomain::Completed writing the mss file at D:/projects/sdr200/Soft/Z7010/PS/front_ps/zynq_fsbl/zynq_fsbl_bsp
TRACE::2026-08-09.08:59:59::SCWPlatform::Generating sources Done.
TRACE::2026-08-09.08:59:59::SCWPlatform::Trying to open the hw design at D:/projects/sdr200/Soft/Z7010/PS/front_ps/hw/front_wrapper.xsa
TRACE::2026-08-09.08:59:59::SCWPlatform::DSA given D:/projects/sdr200/Soft/Z7010/PS/front_ps/hw/front_wrapper.xsa
TRACE::2026-08-09.08:59:59::SCWPlatform::DSA absoulate path D:/projects/sdr200/Soft/Z7010/PS/front_ps/hw/front_wrapper.xsa
TRACE::2026-08-09.08:59:59::SCWPlatform::DSA directory D:/projects/sdr200/Soft/Z7010/PS/front_ps/hw
TRACE::2026-08-09.08:59:59::SCWPlatform:: Platform Path D:/projects/sdr200/Soft/Z7010/PS/front_ps/hw/front_wrapper.xsa
TRACE::2026-08-09.08:59:59::SCWPlatform:: Unique name xilinx:::0.0
TRACE::2026-08-09.08:59:59::SCWPlatform::Trying to set the existing hwdb with name front_wrapper_6
TRACE::2026-08-09.08:59:59::SCWPlatform::Opened existing hwdb front_wrapper_6
TRACE::2026-08-09.08:59:59::SCWPlatform::Found the Hw Db part of the input DSA
TRACE::2026-08-09.08:59:59::SCWMssOS::Checking the sw design at  D:/projects/sdr200/Soft/Z7010/PS/front_ps/zynq_fsbl/zynq_fsbl_bsp/system.mss
TRACE::2026-08-09.08:59:59::SCWMssOS::DEBUG:  swdes dump  
TRACE::2026-08-09.08:59:59::SCWMssOS::No sw design opened at  D:/projects/sdr200/Soft/Z7010/PS/front_ps/zynq_fsbl/zynq_fsbl_bsp/system.mss
TRACE::2026-08-09.08:59:59::SCWMssOS::mss exists loading the mss file  D:/projects/sdr200/Soft/Z7010/PS/front_ps/zynq_fsbl/zynq_fsbl_bsp/system.mss
TRACE::2026-08-09.08:59:59::SCWMssOS::Opened the sw design from mss  D:/projects/sdr200/Soft/Z7010/PS/front_ps/zynq_fsbl/zynq_fsbl_bsp/system.mss
TRACE::2026-08-09.08:59:59::SCWMssOS::Adding the swdes entry D:/projects/sdr200/Soft/Z7010/PS/front_ps/zynq_fsbl/zynq_fsbl_bsp/system.mss with des name system
TRACE::2026-08-09.08:59:59::SCWMssOS::updating the scw layer about changes
TRACE::2026-08-09.08:59:59::SCWMssOS::Opened the sw design.  D:/projects/sdr200/Soft/Z7010/PS/front_ps/zynq_fsbl/zynq_fsbl_bsp/system.mss
TRACE::2026-08-09.08:59:59::SCWMssOS::Saving the mss changes D:/projects/sdr200/Soft/Z7010/PS/front_ps/zynq_fsbl/zynq_fsbl_bsp/system.mss
TRACE::2026-08-09.08:59:59::SCWMssOS::Found a swdesign opened with the mssfile.
TRACE::2026-08-09.08:59:59::SCWMssOS::Completed writemss as part of save.
TRACE::2026-08-09.08:59:59::SCWMssOS::Commit changes completed.
TRACE::2026-08-09.08:59:59::SCWPlatform::Trying to open the hw design at D:/projects/sdr200/Soft/Z7010/PS/front_ps/hw/front_wrapper.xsa
TRACE::2026-08-09.08:59:59::SCWPlatform::DSA given D:/projects/sdr200/Soft/Z7010/PS/front_ps/hw/front_wrapper.xsa
TRACE::2026-08-09.08:59:59::SCWPlatform::DSA absoulate path D:/projects/sdr200/Soft/Z7010/PS/front_ps/hw/front_wrapper.xsa
TRACE::2026-08-09.08:59:59::SCWPlatform::DSA directory D:/projects/sdr200/Soft/Z7010/PS/front_ps/hw
TRACE::2026-08-09.08:59:59::SCWPlatform:: Platform Path D:/projects/sdr200/Soft/Z7010/PS/front_ps/hw/front_wrapper.xsa
TRACE::2026-08-09.08:59:59::SCWPlatform:: Unique name xilinx:::0.0
TRACE::2026-08-09.08:59:59::SCWPlatform::Trying to set the existing hwdb with name front_wrapper_6
TRACE::2026-08-09.08:59:59::SCWPlatform::Opened existing hwdb front_wrapper_6
TRACE::2026-08-09.08:59:59::SCWPlatform::Found the Hw Db part of the input DSA
TRACE::2026-08-09.08:59:59::SCWMssOS::Checking the sw design at  D:/projects/sdr200/Soft/Z7010/PS/front_ps/zynq_fsbl/zynq_fsbl_bsp/system.mss
TRACE::2026-08-09.08:59:59::SCWMssOS::DEBUG:  swdes dump  D:/projects/sdr200/Soft/Z7010/PS/front_ps/zynq_fsbl/zynq_fsbl_bsp/system.mss|system||

TRACE::2026-08-09.08:59:59::SCWMssOS::Sw design exists and opened at  D:/projects/sdr200/Soft/Z7010/PS/front_ps/zynq_fsbl/zynq_fsbl_bsp/system.mss
TRACE::2026-08-09.08:59:59::SCWPlatform::Trying to open the hw design at D:/projects/sdr200/Soft/Z7010/PS/front_ps/hw/front_wrapper.xsa
TRACE::2026-08-09.08:59:59::SCWPlatform::DSA given D:/projects/sdr200/Soft/Z7010/PS/front_ps/hw/front_wrapper.xsa
TRACE::2026-08-09.08:59:59::SCWPlatform::DSA absoulate path D:/projects/sdr200/Soft/Z7010/PS/front_ps/hw/front_wrapper.xsa
TRACE::2026-08-09.08:59:59::SCWPlatform::DSA directory D:/projects/sdr200/Soft/Z7010/PS/front_ps/hw
TRACE::2026-08-09.08:59:59::SCWPlatform:: Platform Path D:/projects/sdr200/Soft/Z7010/PS/front_ps/hw/front_wrapper.xsa
TRACE::2026-08-09.08:59:59::SCWPlatform:: Unique name xilinx:::0.0
TRACE::2026-08-09.08:59:59::SCWPlatform::Trying to set the existing hwdb with name front_wrapper_6
TRACE::2026-08-09.08:59:59::SCWPlatform::Opened existing hwdb front_wrapper_6
TRACE::2026-08-09.08:59:59::SCWPlatform::Found the Hw Db part of the input DSA
TRACE::2026-08-09.08:59:59::SCWMssOS::Checking the sw design at  D:/projects/sdr200/Soft/Z7010/PS/front_ps/zynq_fsbl/zynq_fsbl_bsp/system.mss
TRACE::2026-08-09.08:59:59::SCWMssOS::DEBUG:  swdes dump  D:/projects/sdr200/Soft/Z7010/PS/front_ps/zynq_fsbl/zynq_fsbl_bsp/system.mss|system||

TRACE::2026-08-09.08:59:59::SCWMssOS::Sw design exists and opened at  D:/projects/sdr200/Soft/Z7010/PS/front_ps/zynq_fsbl/zynq_fsbl_bsp/system.mss
TRACE::2026-08-09.08:59:59::SCWPlatform::Trying to open the hw design at D:/projects/sdr200/Soft/Z7010/PS/front_ps/hw/front_wrapper.xsa
TRACE::2026-08-09.08:59:59::SCWPlatform::DSA given D:/projects/sdr200/Soft/Z7010/PS/front_ps/hw/front_wrapper.xsa
TRACE::2026-08-09.08:59:59::SCWPlatform::DSA absoulate path D:/projects/sdr200/Soft/Z7010/PS/front_ps/hw/front_wrapper.xsa
TRACE::2026-08-09.08:59:59::SCWPlatform::DSA directory D:/projects/sdr200/Soft/Z7010/PS/front_ps/hw
TRACE::2026-08-09.08:59:59::SCWPlatform:: Platform Path D:/projects/sdr200/Soft/Z7010/PS/front_ps/hw/front_wrapper.xsa
TRACE::2026-08-09.08:59:59::SCWPlatform:: Unique name xilinx:::0.0
TRACE::2026-08-09.08:59:59::SCWPlatform::Trying to set the existing hwdb with name front_wrapper_6
TRACE::2026-08-09.08:59:59::SCWPlatform::Opened existing hwdb front_wrapper_6
TRACE::2026-08-09.08:59:59::SCWPlatform::Found the Hw Db part of the input DSA
TRACE::2026-08-09.08:59:59::SCWMssOS::Checking the sw design at  D:/projects/sdr200/Soft/Z7010/PS/front_ps/zynq_fsbl/zynq_fsbl_bsp/system.mss
TRACE::2026-08-09.08:59:59::SCWMssOS::DEBUG:  swdes dump  D:/projects/sdr200/Soft/Z7010/PS/front_ps/zynq_fsbl/zynq_fsbl_bsp/system.mss|system||

TRACE::2026-08-09.08:59:59::SCWMssOS::Sw design exists and opened at  D:/projects/sdr200/Soft/Z7010/PS/front_ps/zynq_fsbl/zynq_fsbl_bsp/system.mss
TRACE::2026-08-09.08:59:59::SCWWriter::formatted JSON is {
	"platformName":	"front_ps",
	"sprVersion":	"2.0",
	"mode":	"gui",
	"dsaType":	"Fixed",
	"platformDesc":	"front_ps",
	"platHandOff":	"D:/projects/sdr200/Soft/Z7010/PL/front_wrapper.xsa",
	"platIntHandOff":	"<platformDir>/hw/front_wrapper.xsa",
	"deviceType":	"zynq",
	"platIsPrebuiltAutogen":	"false",
	"platIsNoBootBsp":	"false",
	"platFsblTarget":	"ps7_cortexa9_0",
	"hasFsblMakeHasChanges":	"false",
	"hasPmufwMakeHasChanges":	"false",
	"fsblExtraCompilerFlags":	"-MMD -MP       -mcpu=cortex-a9 -mfpu=vfpv3 -mfloat-abi=hard ",
	"platPreBuiltFlag":	false,
	"platformSamplesDir":	"",
	"platActiveSys":	"front_ps",
	"systems":	[{
			"systemName":	"front_ps",
			"systemDesc":	"front_ps",
			"sysIsBootAutoGen":	"true",
			"systemDispName":	"front_ps",
			"sysActiveDom":	"zynq_fsbl",
			"sysDefaultDom":	"",
			"domains":	[{
					"domainName":	"zynq_fsbl",
					"domainDispName":	"zynq_fsbl",
					"domainDesc":	"FSBL Application BSP - Auto Generated.",
					"processors":	"ps7_cortexa9_0",
					"os":	"standalone",
					"sdxOs":	"standalone",
					"debugEnable":	"",
					"domRuntimes":	["cpp"],
					"swRepo":	"",
					"mssOsVer":	"9.0",
					"mssFile":	"",
					"md5Digest":	"a9b6d6249b834789d5e5d0d09d85bae0",
					"compatibleApp":	"zynq_fsbl",
					"domType":	"bootDomain",
					"arch":	"32-bit",
					"appSettings":	{
						"appCompilerFlags":	"",
						"appLinkerFlags":	""
					},
					"addedLibs":	["xilffs:5.1", "xilrsa:1.7"],
					"libOptions":	{
						"libsContainingOptions":	[]
					},
					"prebuiltLibs":	{
						"prebuiltIncPath":	[],
						"prebuiltLibPath":	[]
					},
					"isolation":	{
					}
				}]
		}]
}
TRACE::2026-08-09.08:59:59::SCWPlatform::Trying to open the hw design at D:/projects/sdr200/Soft/Z7010/PS/front_ps/hw/front_wrapper.xsa
TRACE::2026-08-09.08:59:59::SCWPlatform::DSA given D:/projects/sdr200/Soft/Z7010/PS/front_ps/hw/front_wrapper.xsa
TRACE::2026-08-09.08:59:59::SCWPlatform::DSA absoulate path D:/projects/sdr200/Soft/Z7010/PS/front_ps/hw/front_wrapper.xsa
TRACE::2026-08-09.08:59:59::SCWPlatform::DSA directory D:/projects/sdr200/Soft/Z7010/PS/front_ps/hw
TRACE::2026-08-09.08:59:59::SCWPlatform:: Platform Path D:/projects/sdr200/Soft/Z7010/PS/front_ps/hw/front_wrapper.xsa
TRACE::2026-08-09.08:59:59::SCWPlatform:: Unique name xilinx:::0.0
TRACE::2026-08-09.08:59:59::SCWPlatform::Trying to set the existing hwdb with name front_wrapper_6
TRACE::2026-08-09.08:59:59::SCWPlatform::Opened existing hwdb front_wrapper_6
TRACE::2026-08-09.08:59:59::SCWPlatform::Found the Hw Db part of the input DSA
TRACE::2026-08-09.08:59:59::SCWPlatform::Trying to open the hw design at D:/projects/sdr200/Soft/Z7010/PS/front_ps/hw/front_wrapper.xsa
TRACE::2026-08-09.08:59:59::SCWPlatform::DSA given D:/projects/sdr200/Soft/Z7010/PS/front_ps/hw/front_wrapper.xsa
TRACE::2026-08-09.08:59:59::SCWPlatform::DSA absoulate path D:/projects/sdr200/Soft/Z7010/PS/front_ps/hw/front_wrapper.xsa
TRACE::2026-08-09.08:59:59::SCWPlatform::DSA directory D:/projects/sdr200/Soft/Z7010/PS/front_ps/hw
TRACE::2026-08-09.08:59:59::SCWPlatform:: Platform Path D:/projects/sdr200/Soft/Z7010/PS/front_ps/hw/front_wrapper.xsa
TRACE::2026-08-09.08:59:59::SCWPlatform:: Unique name xilinx:::0.0
TRACE::2026-08-09.08:59:59::SCWPlatform::Trying to set the existing hwdb with name front_wrapper_6
TRACE::2026-08-09.08:59:59::SCWPlatform::Opened existing hwdb front_wrapper_6
TRACE::2026-08-09.08:59:59::SCWPlatform::Found the Hw Db part of the input DSA
TRACE::2026-08-09.08:59:59::SCWDomain::checking for install qemu data   : 
TRACE::2026-08-09.08:59:59::SCWDomain:: Using the QEMU Data from install at  : C:/Xilinx/Vitis/2023.2/data/emulation/platforms/zynq/sw/a9_standalone/qemu/
TRACE::2026-08-09.08:59:59::SCWDomain:: Using the QEMU args  from install at  : C:/Xilinx/Vitis/2023.2/data/emulation/platforms/zynq/sw/a9_standalone/qemu/qemu_args.txt
TRACE::2026-08-09.08:59:59::SCWPlatform::Trying to open the hw design at D:/projects/sdr200/Soft/Z7010/PS/front_ps/hw/front_wrapper.xsa
TRACE::2026-08-09.08:59:59::SCWPlatform::DSA given D:/projects/sdr200/Soft/Z7010/PS/front_ps/hw/front_wrapper.xsa
TRACE::2026-08-09.08:59:59::SCWPlatform::DSA absoulate path D:/projects/sdr200/Soft/Z7010/PS/front_ps/hw/front_wrapper.xsa
TRACE::2026-08-09.08:59:59::SCWPlatform::DSA directory D:/projects/sdr200/Soft/Z7010/PS/front_ps/hw
TRACE::2026-08-09.08:59:59::SCWPlatform:: Platform Path D:/projects/sdr200/Soft/Z7010/PS/front_ps/hw/front_wrapper.xsa
TRACE::2026-08-09.08:59:59::SCWPlatform:: Unique name xilinx:::0.0
TRACE::2026-08-09.08:59:59::SCWPlatform::Trying to set the existing hwdb with name front_wrapper_6
TRACE::2026-08-09.08:59:59::SCWPlatform::Opened existing hwdb front_wrapper_6
TRACE::2026-08-09.08:59:59::SCWPlatform::Found the Hw Db part of the input DSA
TRACE::2026-08-09.08:59:59::SCWPlatform::Trying to open the hw design at D:/projects/sdr200/Soft/Z7010/PS/front_ps/hw/front_wrapper.xsa
TRACE::2026-08-09.08:59:59::SCWPlatform::DSA given D:/projects/sdr200/Soft/Z7010/PS/front_ps/hw/front_wrapper.xsa
TRACE::2026-08-09.08:59:59::SCWPlatform::DSA absoulate path D:/projects/sdr200/Soft/Z7010/PS/front_ps/hw/front_wrapper.xsa
TRACE::2026-08-09.08:59:59::SCWPlatform::DSA directory D:/projects/sdr200/Soft/Z7010/PS/front_ps/hw
TRACE::2026-08-09.08:59:59::SCWPlatform:: Platform Path D:/projects/sdr200/Soft/Z7010/PS/front_ps/hw/front_wrapper.xsa
TRACE::2026-08-09.08:59:59::SCWPlatform:: Unique name xilinx:::0.0
TRACE::2026-08-09.08:59:59::SCWPlatform::Trying to set the existing hwdb with name front_wrapper_6
TRACE::2026-08-09.08:59:59::SCWPlatform::Opened existing hwdb front_wrapper_6
TRACE::2026-08-09.08:59:59::SCWPlatform::Found the Hw Db part of the input DSA
TRACE::2026-08-09.08:59:59::SCWDomain::Qemu Directory name is changed from "" to "qemu"
TRACE::2026-08-09.08:59:59::SCWPlatform::Trying to open the hw design at D:/projects/sdr200/Soft/Z7010/PS/front_ps/hw/front_wrapper.xsa
TRACE::2026-08-09.08:59:59::SCWPlatform::DSA given D:/projects/sdr200/Soft/Z7010/PS/front_ps/hw/front_wrapper.xsa
TRACE::2026-08-09.08:59:59::SCWPlatform::DSA absoulate path D:/projects/sdr200/Soft/Z7010/PS/front_ps/hw/front_wrapper.xsa
TRACE::2026-08-09.08:59:59::SCWPlatform::DSA directory D:/projects/sdr200/Soft/Z7010/PS/front_ps/hw
TRACE::2026-08-09.08:59:59::SCWPlatform:: Platform Path D:/projects/sdr200/Soft/Z7010/PS/front_ps/hw/front_wrapper.xsa
TRACE::2026-08-09.08:59:59::SCWPlatform:: Unique name xilinx:::0.0
TRACE::2026-08-09.08:59:59::SCWPlatform::Trying to set the existing hwdb with name front_wrapper_6
TRACE::2026-08-09.08:59:59::SCWPlatform::Opened existing hwdb front_wrapper_6
TRACE::2026-08-09.08:59:59::SCWPlatform::Found the Hw Db part of the input DSA
TRACE::2026-08-09.08:59:59::SCWMssOS::Checking the sw design at  D:/projects/sdr200/Soft/Z7010/PS/front_ps/ps7_cortexa9_0/freertos10_xilinx_domain/bsp/system.mss
TRACE::2026-08-09.08:59:59::SCWMssOS::DEBUG:  swdes dump  D:/projects/sdr200/Soft/Z7010/PS/front_ps/zynq_fsbl/zynq_fsbl_bsp/system.mss|system||

TRACE::2026-08-09.08:59:59::SCWMssOS::No sw design opened at  D:/projects/sdr200/Soft/Z7010/PS/front_ps/ps7_cortexa9_0/freertos10_xilinx_domain/bsp/system.mss
TRACE::2026-08-09.08:59:59::SCWMssOS::mss does not exists at D:/projects/sdr200/Soft/Z7010/PS/front_ps/ps7_cortexa9_0/freertos10_xilinx_domain/bsp/system.mss
TRACE::2026-08-09.08:59:59::SCWMssOS::Creating sw design at  D:/projects/sdr200/Soft/Z7010/PS/front_ps/ps7_cortexa9_0/freertos10_xilinx_domain/bsp/system.mss
TRACE::2026-08-09.08:59:59::SCWMssOS::Adding the swdes entry, created swdb D:/projects/sdr200/Soft/Z7010/PS/front_ps/ps7_cortexa9_0/freertos10_xilinx_domain/bsp/system.mss with des name D:/projects/sdr200/Soft/Z7010/PS/front_ps/ps7_cortexa9_0/freertos10_xilinx_domain/bsp/system.mss
TRACE::2026-08-09.08:59:59::SCWMssOS::updating the scw layer changes to swdes at   D:/projects/sdr200/Soft/Z7010/PS/front_ps/ps7_cortexa9_0/freertos10_xilinx_domain/bsp/system.mss
TRACE::2026-08-09.08:59:59::SCWMssOS::Writing mss at D:/projects/sdr200/Soft/Z7010/PS/front_ps/ps7_cortexa9_0/freertos10_xilinx_domain/bsp/system.mss
TRACE::2026-08-09.08:59:59::SCWMssOS::Completed writing the mss file at D:/projects/sdr200/Soft/Z7010/PS/front_ps/ps7_cortexa9_0/freertos10_xilinx_domain/bsp
TRACE::2026-08-09.08:59:59::SCWMssOS::Picking up changes from newly written mss file into SCW Layer. 
TRACE::2026-08-09.08:59:59::SCWMssOS::Updated the changes from newly written mss file into SCW Layer. 
TRACE::2026-08-09.08:59:59::SCWMssOS::Completed writing the mss file at D:/projects/sdr200/Soft/Z7010/PS/front_ps/ps7_cortexa9_0/freertos10_xilinx_domain/bsp
TRACE::2026-08-09.08:59:59::SCWMssOS::Forcing BSP Sources regeneration.
TRACE::2026-08-09.09:00:00::SCWMssOS::Saving the mss changes D:/projects/sdr200/Soft/Z7010/PS/front_ps/zynq_fsbl/zynq_fsbl_bsp/system.mss
TRACE::2026-08-09.09:00:00::SCWMssOS::Found a swdesign opened with the mssfile.
TRACE::2026-08-09.09:00:00::SCWMssOS::Completed writemss as part of save.
TRACE::2026-08-09.09:00:00::SCWMssOS::Commit changes completed.
TRACE::2026-08-09.09:00:00::SCWMssOS::Saving the mss changes D:/projects/sdr200/Soft/Z7010/PS/front_ps/ps7_cortexa9_0/freertos10_xilinx_domain/bsp/system.mss
TRACE::2026-08-09.09:00:00::SCWMssOS::Adding the swdes entry, mss present, able to open swdb D:/projects/sdr200/Soft/Z7010/PS/front_ps/ps7_cortexa9_0/freertos10_xilinx_domain/bsp/system.mss with des name system_0
TRACE::2026-08-09.09:00:00::SCWMssOS::Writing the mss file completed D:/projects/sdr200/Soft/Z7010/PS/front_ps/ps7_cortexa9_0/freertos10_xilinx_domain/bsp/system.mss
TRACE::2026-08-09.09:00:00::SCWMssOS::Commit changes completed.
TRACE::2026-08-09.09:00:00::SCWPlatform::Trying to open the hw design at D:/projects/sdr200/Soft/Z7010/PS/front_ps/hw/front_wrapper.xsa
TRACE::2026-08-09.09:00:00::SCWPlatform::DSA given D:/projects/sdr200/Soft/Z7010/PS/front_ps/hw/front_wrapper.xsa
TRACE::2026-08-09.09:00:00::SCWPlatform::DSA absoulate path D:/projects/sdr200/Soft/Z7010/PS/front_ps/hw/front_wrapper.xsa
TRACE::2026-08-09.09:00:00::SCWPlatform::DSA directory D:/projects/sdr200/Soft/Z7010/PS/front_ps/hw
TRACE::2026-08-09.09:00:00::SCWPlatform:: Platform Path D:/projects/sdr200/Soft/Z7010/PS/front_ps/hw/front_wrapper.xsa
TRACE::2026-08-09.09:00:00::SCWPlatform:: Unique name xilinx:::0.0
TRACE::2026-08-09.09:00:00::SCWPlatform::Trying to set the existing hwdb with name front_wrapper_6
TRACE::2026-08-09.09:00:00::SCWPlatform::Opened existing hwdb front_wrapper_6
TRACE::2026-08-09.09:00:00::SCWPlatform::Found the Hw Db part of the input DSA
TRACE::2026-08-09.09:00:00::SCWMssOS::Checking the sw design at  D:/projects/sdr200/Soft/Z7010/PS/front_ps/zynq_fsbl/zynq_fsbl_bsp/system.mss
TRACE::2026-08-09.09:00:00::SCWMssOS::DEBUG:  swdes dump  D:/projects/sdr200/Soft/Z7010/PS/front_ps/ps7_cortexa9_0/freertos10_xilinx_domain/bsp/system.mss|system_0||
D:/projects/sdr200/Soft/Z7010/PS/front_ps/zynq_fsbl/zynq_fsbl_bsp/system.mss|system||

TRACE::2026-08-09.09:00:00::SCWMssOS::Sw design exists and opened at  D:/projects/sdr200/Soft/Z7010/PS/front_ps/zynq_fsbl/zynq_fsbl_bsp/system.mss
TRACE::2026-08-09.09:00:00::SCWPlatform::Trying to open the hw design at D:/projects/sdr200/Soft/Z7010/PS/front_ps/hw/front_wrapper.xsa
TRACE::2026-08-09.09:00:00::SCWPlatform::DSA given D:/projects/sdr200/Soft/Z7010/PS/front_ps/hw/front_wrapper.xsa
TRACE::2026-08-09.09:00:00::SCWPlatform::DSA absoulate path D:/projects/sdr200/Soft/Z7010/PS/front_ps/hw/front_wrapper.xsa
TRACE::2026-08-09.09:00:00::SCWPlatform::DSA directory D:/projects/sdr200/Soft/Z7010/PS/front_ps/hw
TRACE::2026-08-09.09:00:00::SCWPlatform:: Platform Path D:/projects/sdr200/Soft/Z7010/PS/front_ps/hw/front_wrapper.xsa
TRACE::2026-08-09.09:00:00::SCWPlatform:: Unique name xilinx:::0.0
TRACE::2026-08-09.09:00:00::SCWPlatform::Trying to set the existing hwdb with name front_wrapper_6
TRACE::2026-08-09.09:00:00::SCWPlatform::Opened existing hwdb front_wrapper_6
TRACE::2026-08-09.09:00:00::SCWPlatform::Found the Hw Db part of the input DSA
TRACE::2026-08-09.09:00:00::SCWMssOS::Checking the sw design at  D:/projects/sdr200/Soft/Z7010/PS/front_ps/zynq_fsbl/zynq_fsbl_bsp/system.mss
TRACE::2026-08-09.09:00:00::SCWMssOS::DEBUG:  swdes dump  D:/projects/sdr200/Soft/Z7010/PS/front_ps/ps7_cortexa9_0/freertos10_xilinx_domain/bsp/system.mss|system_0||
D:/projects/sdr200/Soft/Z7010/PS/front_ps/zynq_fsbl/zynq_fsbl_bsp/system.mss|system||

TRACE::2026-08-09.09:00:00::SCWMssOS::Sw design exists and opened at  D:/projects/sdr200/Soft/Z7010/PS/front_ps/zynq_fsbl/zynq_fsbl_bsp/system.mss
TRACE::2026-08-09.09:00:00::SCWPlatform::Trying to open the hw design at D:/projects/sdr200/Soft/Z7010/PS/front_ps/hw/front_wrapper.xsa
TRACE::2026-08-09.09:00:00::SCWPlatform::DSA given D:/projects/sdr200/Soft/Z7010/PS/front_ps/hw/front_wrapper.xsa
TRACE::2026-08-09.09:00:00::SCWPlatform::DSA absoulate path D:/projects/sdr200/Soft/Z7010/PS/front_ps/hw/front_wrapper.xsa
TRACE::2026-08-09.09:00:00::SCWPlatform::DSA directory D:/projects/sdr200/Soft/Z7010/PS/front_ps/hw
TRACE::2026-08-09.09:00:00::SCWPlatform:: Platform Path D:/projects/sdr200/Soft/Z7010/PS/front_ps/hw/front_wrapper.xsa
TRACE::2026-08-09.09:00:00::SCWPlatform:: Unique name xilinx:::0.0
TRACE::2026-08-09.09:00:00::SCWPlatform::Trying to set the existing hwdb with name front_wrapper_6
TRACE::2026-08-09.09:00:00::SCWPlatform::Opened existing hwdb front_wrapper_6
TRACE::2026-08-09.09:00:00::SCWPlatform::Found the Hw Db part of the input DSA
TRACE::2026-08-09.09:00:00::SCWMssOS::Checking the sw design at  D:/projects/sdr200/Soft/Z7010/PS/front_ps/zynq_fsbl/zynq_fsbl_bsp/system.mss
TRACE::2026-08-09.09:00:00::SCWMssOS::DEBUG:  swdes dump  D:/projects/sdr200/Soft/Z7010/PS/front_ps/ps7_cortexa9_0/freertos10_xilinx_domain/bsp/system.mss|system_0||
D:/projects/sdr200/Soft/Z7010/PS/front_ps/zynq_fsbl/zynq_fsbl_bsp/system.mss|system||

TRACE::2026-08-09.09:00:00::SCWMssOS::Sw design exists and opened at  D:/projects/sdr200/Soft/Z7010/PS/front_ps/zynq_fsbl/zynq_fsbl_bsp/system.mss
TRACE::2026-08-09.09:00:00::SCWPlatform::Trying to open the hw design at D:/projects/sdr200/Soft/Z7010/PS/front_ps/hw/front_wrapper.xsa
TRACE::2026-08-09.09:00:00::SCWPlatform::DSA given D:/projects/sdr200/Soft/Z7010/PS/front_ps/hw/front_wrapper.xsa
TRACE::2026-08-09.09:00:00::SCWPlatform::DSA absoulate path D:/projects/sdr200/Soft/Z7010/PS/front_ps/hw/front_wrapper.xsa
TRACE::2026-08-09.09:00:00::SCWPlatform::DSA directory D:/projects/sdr200/Soft/Z7010/PS/front_ps/hw
TRACE::2026-08-09.09:00:00::SCWPlatform:: Platform Path D:/projects/sdr200/Soft/Z7010/PS/front_ps/hw/front_wrapper.xsa
TRACE::2026-08-09.09:00:00::SCWPlatform:: Unique name xilinx:::0.0
TRACE::2026-08-09.09:00:00::SCWPlatform::Trying to set the existing hwdb with name front_wrapper_6
TRACE::2026-08-09.09:00:00::SCWPlatform::Opened existing hwdb front_wrapper_6
TRACE::2026-08-09.09:00:00::SCWPlatform::Found the Hw Db part of the input DSA
TRACE::2026-08-09.09:00:00::SCWMssOS::Checking the sw design at  D:/projects/sdr200/Soft/Z7010/PS/front_ps/ps7_cortexa9_0/freertos10_xilinx_domain/bsp/system.mss
TRACE::2026-08-09.09:00:00::SCWMssOS::DEBUG:  swdes dump  D:/projects/sdr200/Soft/Z7010/PS/front_ps/ps7_cortexa9_0/freertos10_xilinx_domain/bsp/system.mss|system_0||
D:/projects/sdr200/Soft/Z7010/PS/front_ps/zynq_fsbl/zynq_fsbl_bsp/system.mss|system||

TRACE::2026-08-09.09:00:00::SCWMssOS::Sw design exists and opened at  D:/projects/sdr200/Soft/Z7010/PS/front_ps/ps7_cortexa9_0/freertos10_xilinx_domain/bsp/system.mss
TRACE::2026-08-09.09:00:00::SCWPlatform::Trying to open the hw design at D:/projects/sdr200/Soft/Z7010/PS/front_ps/hw/front_wrapper.xsa
TRACE::2026-08-09.09:00:00::SCWPlatform::DSA given D:/projects/sdr200/Soft/Z7010/PS/front_ps/hw/front_wrapper.xsa
TRACE::2026-08-09.09:00:00::SCWPlatform::DSA absoulate path D:/projects/sdr200/Soft/Z7010/PS/front_ps/hw/front_wrapper.xsa
TRACE::2026-08-09.09:00:00::SCWPlatform::DSA directory D:/projects/sdr200/Soft/Z7010/PS/front_ps/hw
TRACE::2026-08-09.09:00:00::SCWPlatform:: Platform Path D:/projects/sdr200/Soft/Z7010/PS/front_ps/hw/front_wrapper.xsa
TRACE::2026-08-09.09:00:00::SCWPlatform:: Unique name xilinx:::0.0
TRACE::2026-08-09.09:00:00::SCWPlatform::Trying to set the existing hwdb with name front_wrapper_6
TRACE::2026-08-09.09:00:00::SCWPlatform::Opened existing hwdb front_wrapper_6
TRACE::2026-08-09.09:00:00::SCWPlatform::Found the Hw Db part of the input DSA
TRACE::2026-08-09.09:00:00::SCWMssOS::Checking the sw design at  D:/projects/sdr200/Soft/Z7010/PS/front_ps/ps7_cortexa9_0/freertos10_xilinx_domain/bsp/system.mss
TRACE::2026-08-09.09:00:00::SCWMssOS::DEBUG:  swdes dump  D:/projects/sdr200/Soft/Z7010/PS/front_ps/ps7_cortexa9_0/freertos10_xilinx_domain/bsp/system.mss|system_0||
D:/projects/sdr200/Soft/Z7010/PS/front_ps/zynq_fsbl/zynq_fsbl_bsp/system.mss|system||

TRACE::2026-08-09.09:00:00::SCWMssOS::Sw design exists and opened at  D:/projects/sdr200/Soft/Z7010/PS/front_ps/ps7_cortexa9_0/freertos10_xilinx_domain/bsp/system.mss
TRACE::2026-08-09.09:00:00::SCWPlatform::Trying to open the hw design at D:/projects/sdr200/Soft/Z7010/PS/front_ps/hw/front_wrapper.xsa
TRACE::2026-08-09.09:00:00::SCWPlatform::DSA given D:/projects/sdr200/Soft/Z7010/PS/front_ps/hw/front_wrapper.xsa
TRACE::2026-08-09.09:00:00::SCWPlatform::DSA absoulate path D:/projects/sdr200/Soft/Z7010/PS/front_ps/hw/front_wrapper.xsa
TRACE::2026-08-09.09:00:00::SCWPlatform::DSA directory D:/projects/sdr200/Soft/Z7010/PS/front_ps/hw
TRACE::2026-08-09.09:00:00::SCWPlatform:: Platform Path D:/projects/sdr200/Soft/Z7010/PS/front_ps/hw/front_wrapper.xsa
TRACE::2026-08-09.09:00:00::SCWPlatform:: Unique name xilinx:::0.0
TRACE::2026-08-09.09:00:00::SCWPlatform::Trying to set the existing hwdb with name front_wrapper_6
TRACE::2026-08-09.09:00:00::SCWPlatform::Opened existing hwdb front_wrapper_6
TRACE::2026-08-09.09:00:00::SCWPlatform::Found the Hw Db part of the input DSA
TRACE::2026-08-09.09:00:00::SCWMssOS::Checking the sw design at  D:/projects/sdr200/Soft/Z7010/PS/front_ps/ps7_cortexa9_0/freertos10_xilinx_domain/bsp/system.mss
TRACE::2026-08-09.09:00:00::SCWMssOS::DEBUG:  swdes dump  D:/projects/sdr200/Soft/Z7010/PS/front_ps/ps7_cortexa9_0/freertos10_xilinx_domain/bsp/system.mss|system_0||
D:/projects/sdr200/Soft/Z7010/PS/front_ps/zynq_fsbl/zynq_fsbl_bsp/system.mss|system||

TRACE::2026-08-09.09:00:00::SCWMssOS::Sw design exists and opened at  D:/projects/sdr200/Soft/Z7010/PS/front_ps/ps7_cortexa9_0/freertos10_xilinx_domain/bsp/system.mss
TRACE::2026-08-09.09:00:00::SCWWriter::formatted JSON is {
	"platformName":	"front_ps",
	"sprVersion":	"2.0",
	"mode":	"gui",
	"dsaType":	"Fixed",
	"platformDesc":	"front_ps",
	"platHandOff":	"D:/projects/sdr200/Soft/Z7010/PL/front_wrapper.xsa",
	"platIntHandOff":	"<platformDir>/hw/front_wrapper.xsa",
	"deviceType":	"zynq",
	"platIsPrebuiltAutogen":	"false",
	"platIsNoBootBsp":	"false",
	"platFsblTarget":	"ps7_cortexa9_0",
	"hasFsblMakeHasChanges":	"false",
	"hasPmufwMakeHasChanges":	"false",
	"fsblExtraCompilerFlags":	"-MMD -MP       -mcpu=cortex-a9 -mfpu=vfpv3 -mfloat-abi=hard ",
	"platPreBuiltFlag":	false,
	"platformSamplesDir":	"",
	"platActiveSys":	"front_ps",
	"systems":	[{
			"systemName":	"front_ps",
			"systemDesc":	"front_ps",
			"sysIsBootAutoGen":	"true",
			"systemDispName":	"front_ps",
			"sysActiveDom":	"freertos10_xilinx_domain",
			"sysDefaultDom":	"freertos10_xilinx_domain",
			"domains":	[{
					"domainName":	"zynq_fsbl",
					"domainDispName":	"zynq_fsbl",
					"domainDesc":	"FSBL Application BSP - Auto Generated.",
					"processors":	"ps7_cortexa9_0",
					"os":	"standalone",
					"sdxOs":	"standalone",
					"debugEnable":	"",
					"domRuntimes":	["cpp"],
					"swRepo":	"",
					"mssOsVer":	"9.0",
					"mssFile":	"",
					"md5Digest":	"a9b6d6249b834789d5e5d0d09d85bae0",
					"compatibleApp":	"zynq_fsbl",
					"domType":	"bootDomain",
					"arch":	"32-bit",
					"appSettings":	{
						"appCompilerFlags":	"",
						"appLinkerFlags":	""
					},
					"addedLibs":	["xilffs:5.1", "xilrsa:1.7"],
					"libOptions":	{
						"libsContainingOptions":	[]
					},
					"prebuiltLibs":	{
						"prebuiltIncPath":	[],
						"prebuiltLibPath":	[]
					},
					"isolation":	{
					}
				}, {
					"domainName":	"freertos10_xilinx_domain",
					"domainDispName":	"freertos10_xilinx_domain",
					"domainDesc":	"freertos10_xilinx_domain",
					"processors":	"ps7_cortexa9_0",
					"os":	"freertos10_xilinx",
					"sdxOs":	"freertos10_xilinx",
					"qemuArgs":	"<platformDir>/resources/front_ps/freertos10_xilinx_domain/qemu_args.txt",
					"qemuData":	"<platformDir>/resources/front_ps/freertos10_xilinx_domain/qemu",
					"debugEnable":	"False",
					"domRuntimes":	["cpp"],
					"swRepo":	"",
					"mssOsVer":	"1.14",
					"mssFile":	"",
					"md5Digest":	"df08ccfec57ff0ec939766b2cabee81c",
					"compatibleApp":	"",
					"domType":	"mssDomain",
					"appSettings":	{
						"appCompilerFlags":	"",
						"appLinkerFlags":	""
					},
					"addedLibs":	[],
					"libOptions":	{
						"libsContainingOptions":	[]
					},
					"prebuiltLibs":	{
						"prebuiltIncPath":	[],
						"prebuiltLibPath":	[]
					},
					"isolation":	{
					}
				}]
		}]
}
LOG::2026-08-09.09:00:00::SCWPlatform::Started generating the artifacts platform front_ps
TRACE::2026-08-09.09:00:00::SCWPlatform::Sanity checking of platform is completed
LOG::2026-08-09.09:00:00::SCWPlatform::Started generating the artifacts for system configuration front_ps
LOG::2026-08-09.09:00:00::SCWSystem::Checking the domain zynq_fsbl
LOG::2026-08-09.09:00:00::SCWSystem::Doing application build for :  zynq_fsbl
TRACE::2026-08-09.09:00:00::SCWBDomain::Not a forced makefile updation, No changes are present. 
TRACE::2026-08-09.09:00:00::SCWDomain::Skipping the build for domain :  zynq_fsbl
LOG::2026-08-09.09:00:00::SCWSystem::Checking the domain freertos10_xilinx_domain
LOG::2026-08-09.09:00:00::SCWSystem::Not a boot domain 
LOG::2026-08-09.09:00:00::SCWSystem::Started Processing the domain freertos10_xilinx_domain
TRACE::2026-08-09.09:00:00::SCWDomain::Generating domain artifcats
TRACE::2026-08-09.09:00:00::SCWMssOS::Generating standalone artifcats
TRACE::2026-08-09.09:00:00::SCWMssOS::Copying the qemu file from  D:/projects/sdr200/Soft/Z7010/PS/front_ps/resources/front_ps/freertos10_xilinx_domain/qemu_args.txt To D:/projects/sdr200/Soft/Z7010/PS/front_ps/export/front_ps/sw/front_ps/qemu/
TRACE::2026-08-09.09:00:00::SCWMssOS::Copying the qemu file from  D:/projects/sdr200/Soft/Z7010/PS/front_ps/resources/front_ps/freertos10_xilinx_domain/qemu_args.txt To D:/projects/sdr200/Soft/Z7010/PS/front_ps/export/front_ps/sw/front_ps/freertos10_xilinx_domain/qemu/
TRACE::2026-08-09.09:00:00::SCWMssOS:: Copying the user libraries. 
TRACE::2026-08-09.09:00:00::SCWPlatform::Trying to open the hw design at D:/projects/sdr200/Soft/Z7010/PS/front_ps/hw/front_wrapper.xsa
TRACE::2026-08-09.09:00:00::SCWPlatform::DSA given D:/projects/sdr200/Soft/Z7010/PS/front_ps/hw/front_wrapper.xsa
TRACE::2026-08-09.09:00:00::SCWPlatform::DSA absoulate path D:/projects/sdr200/Soft/Z7010/PS/front_ps/hw/front_wrapper.xsa
TRACE::2026-08-09.09:00:00::SCWPlatform::DSA directory D:/projects/sdr200/Soft/Z7010/PS/front_ps/hw
TRACE::2026-08-09.09:00:00::SCWPlatform:: Platform Path D:/projects/sdr200/Soft/Z7010/PS/front_ps/hw/front_wrapper.xsa
TRACE::2026-08-09.09:00:00::SCWPlatform:: Unique name xilinx:::0.0
TRACE::2026-08-09.09:00:00::SCWPlatform::Trying to set the existing hwdb with name front_wrapper_6
TRACE::2026-08-09.09:00:00::SCWPlatform::Opened existing hwdb front_wrapper_6
TRACE::2026-08-09.09:00:00::SCWPlatform::Found the Hw Db part of the input DSA
TRACE::2026-08-09.09:00:00::SCWMssOS::Checking the sw design at  D:/projects/sdr200/Soft/Z7010/PS/front_ps/ps7_cortexa9_0/freertos10_xilinx_domain/bsp/system.mss
TRACE::2026-08-09.09:00:00::SCWMssOS::DEBUG:  swdes dump  D:/projects/sdr200/Soft/Z7010/PS/front_ps/ps7_cortexa9_0/freertos10_xilinx_domain/bsp/system.mss|system_0||
D:/projects/sdr200/Soft/Z7010/PS/front_ps/zynq_fsbl/zynq_fsbl_bsp/system.mss|system||

TRACE::2026-08-09.09:00:00::SCWMssOS::Sw design exists and opened at  D:/projects/sdr200/Soft/Z7010/PS/front_ps/ps7_cortexa9_0/freertos10_xilinx_domain/bsp/system.mss
TRACE::2026-08-09.09:00:00::SCWMssOS::Completed writing the mss file at D:/projects/sdr200/Soft/Z7010/PS/front_ps/ps7_cortexa9_0/freertos10_xilinx_domain/bsp
TRACE::2026-08-09.09:00:00::SCWMssOS::Mss edits present, copying mssfile into export location D:/projects/sdr200/Soft/Z7010/PS/front_ps/ps7_cortexa9_0/freertos10_xilinx_domain/bsp/system.mss
TRACE::2026-08-09.09:00:00::SCWMssOS::bsp generated is upto date with the mss file. Skipping bsp generation.
TRACE::2026-08-09.09:00:00::SCWMssOS::BSP is already built. skipping the bsp build ... 
TRACE::2026-08-09.09:00:00::SCWDomain::Skipping the build for domain :  freertos10_xilinx_domain
TRACE::2026-08-09.09:00:00::SCWMssOS::skipping the bsp build ... 
TRACE::2026-08-09.09:00:00::SCWMssOS::Copying to export directory.
TRACE::2026-08-09.09:00:00::SCWMssOS:: Checking if to create the Supporting Applications
TRACE::2026-08-09.09:00:00::SCWMssOS:: No Linux domain exists, trying to generate FSBL 
TRACE::2026-08-09.09:00:00::SCWMssOS:: Completed Standalone Artifacts creation 
LOG::2026-08-09.09:00:00::SCWSystem::Completed Processing the domain freertos10_xilinx_domain
LOG::2026-08-09.09:00:00::SCWSystem::Completed Processing the sysconfig front_ps
LOG::2026-08-09.09:00:00::SCWPlatform::Completed generating the artifacts for system configuration front_ps
TRACE::2026-08-09.09:00:00::SCWPlatform::Started preparing the platform 
TRACE::2026-08-09.09:00:00::SCWSystem::Writing the bif file for system config front_ps
TRACE::2026-08-09.09:00:00::SCWSystem::dir created 
TRACE::2026-08-09.09:00:00::SCWSystem::Writing the bif 
TRACE::2026-08-09.09:00:00::SCWPlatform::Started writing the spfm file 
TRACE::2026-08-09.09:00:00::SCWPlatform::Started writing the xpfm file 
TRACE::2026-08-09.09:00:00::SCWPlatform::Completed generating the platform
TRACE::2026-08-09.09:00:00::SCWMssOS::Saving the mss changes D:/projects/sdr200/Soft/Z7010/PS/front_ps/zynq_fsbl/zynq_fsbl_bsp/system.mss
TRACE::2026-08-09.09:00:00::SCWMssOS::Found a swdesign opened with the mssfile.
TRACE::2026-08-09.09:00:00::SCWMssOS::Completed writemss as part of save.
TRACE::2026-08-09.09:00:00::SCWMssOS::Commit changes completed.
TRACE::2026-08-09.09:00:00::SCWMssOS::Saving the mss changes D:/projects/sdr200/Soft/Z7010/PS/front_ps/ps7_cortexa9_0/freertos10_xilinx_domain/bsp/system.mss
TRACE::2026-08-09.09:00:00::SCWMssOS::Found a swdesign opened with the mssfile.
TRACE::2026-08-09.09:00:00::SCWMssOS::Completed writemss as part of save.
TRACE::2026-08-09.09:00:00::SCWMssOS::Commit changes completed.
TRACE::2026-08-09.09:00:00::SCWPlatform::Trying to open the hw design at D:/projects/sdr200/Soft/Z7010/PS/front_ps/hw/front_wrapper.xsa
TRACE::2026-08-09.09:00:00::SCWPlatform::DSA given D:/projects/sdr200/Soft/Z7010/PS/front_ps/hw/front_wrapper.xsa
TRACE::2026-08-09.09:00:00::SCWPlatform::DSA absoulate path D:/projects/sdr200/Soft/Z7010/PS/front_ps/hw/front_wrapper.xsa
TRACE::2026-08-09.09:00:00::SCWPlatform::DSA directory D:/projects/sdr200/Soft/Z7010/PS/front_ps/hw
TRACE::2026-08-09.09:00:00::SCWPlatform:: Platform Path D:/projects/sdr200/Soft/Z7010/PS/front_ps/hw/front_wrapper.xsa
TRACE::2026-08-09.09:00:00::SCWPlatform:: Unique name xilinx:::0.0
TRACE::2026-08-09.09:00:00::SCWPlatform::Trying to set the existing hwdb with name front_wrapper_6
TRACE::2026-08-09.09:00:00::SCWPlatform::Opened existing hwdb front_wrapper_6
TRACE::2026-08-09.09:00:00::SCWPlatform::Found the Hw Db part of the input DSA
TRACE::2026-08-09.09:00:00::SCWMssOS::Checking the sw design at  D:/projects/sdr200/Soft/Z7010/PS/front_ps/zynq_fsbl/zynq_fsbl_bsp/system.mss
TRACE::2026-08-09.09:00:00::SCWMssOS::DEBUG:  swdes dump  D:/projects/sdr200/Soft/Z7010/PS/front_ps/ps7_cortexa9_0/freertos10_xilinx_domain/bsp/system.mss|system_0||
D:/projects/sdr200/Soft/Z7010/PS/front_ps/zynq_fsbl/zynq_fsbl_bsp/system.mss|system||

TRACE::2026-08-09.09:00:00::SCWMssOS::Sw design exists and opened at  D:/projects/sdr200/Soft/Z7010/PS/front_ps/zynq_fsbl/zynq_fsbl_bsp/system.mss
TRACE::2026-08-09.09:00:00::SCWPlatform::Trying to open the hw design at D:/projects/sdr200/Soft/Z7010/PS/front_ps/hw/front_wrapper.xsa
TRACE::2026-08-09.09:00:00::SCWPlatform::DSA given D:/projects/sdr200/Soft/Z7010/PS/front_ps/hw/front_wrapper.xsa
TRACE::2026-08-09.09:00:00::SCWPlatform::DSA absoulate path D:/projects/sdr200/Soft/Z7010/PS/front_ps/hw/front_wrapper.xsa
TRACE::2026-08-09.09:00:00::SCWPlatform::DSA directory D:/projects/sdr200/Soft/Z7010/PS/front_ps/hw
TRACE::2026-08-09.09:00:00::SCWPlatform:: Platform Path D:/projects/sdr200/Soft/Z7010/PS/front_ps/hw/front_wrapper.xsa
TRACE::2026-08-09.09:00:00::SCWPlatform:: Unique name xilinx:::0.0
TRACE::2026-08-09.09:00:00::SCWPlatform::Trying to set the existing hwdb with name front_wrapper_6
TRACE::2026-08-09.09:00:00::SCWPlatform::Opened existing hwdb front_wrapper_6
TRACE::2026-08-09.09:00:00::SCWPlatform::Found the Hw Db part of the input DSA
TRACE::2026-08-09.09:00:00::SCWMssOS::Checking the sw design at  D:/projects/sdr200/Soft/Z7010/PS/front_ps/zynq_fsbl/zynq_fsbl_bsp/system.mss
TRACE::2026-08-09.09:00:00::SCWMssOS::DEBUG:  swdes dump  D:/projects/sdr200/Soft/Z7010/PS/front_ps/ps7_cortexa9_0/freertos10_xilinx_domain/bsp/system.mss|system_0||
D:/projects/sdr200/Soft/Z7010/PS/front_ps/zynq_fsbl/zynq_fsbl_bsp/system.mss|system||

TRACE::2026-08-09.09:00:00::SCWMssOS::Sw design exists and opened at  D:/projects/sdr200/Soft/Z7010/PS/front_ps/zynq_fsbl/zynq_fsbl_bsp/system.mss
TRACE::2026-08-09.09:00:00::SCWPlatform::Trying to open the hw design at D:/projects/sdr200/Soft/Z7010/PS/front_ps/hw/front_wrapper.xsa
TRACE::2026-08-09.09:00:00::SCWPlatform::DSA given D:/projects/sdr200/Soft/Z7010/PS/front_ps/hw/front_wrapper.xsa
TRACE::2026-08-09.09:00:00::SCWPlatform::DSA absoulate path D:/projects/sdr200/Soft/Z7010/PS/front_ps/hw/front_wrapper.xsa
TRACE::2026-08-09.09:00:00::SCWPlatform::DSA directory D:/projects/sdr200/Soft/Z7010/PS/front_ps/hw
TRACE::2026-08-09.09:00:00::SCWPlatform:: Platform Path D:/projects/sdr200/Soft/Z7010/PS/front_ps/hw/front_wrapper.xsa
TRACE::2026-08-09.09:00:00::SCWPlatform:: Unique name xilinx:::0.0
TRACE::2026-08-09.09:00:00::SCWPlatform::Trying to set the existing hwdb with name front_wrapper_6
TRACE::2026-08-09.09:00:00::SCWPlatform::Opened existing hwdb front_wrapper_6
TRACE::2026-08-09.09:00:00::SCWPlatform::Found the Hw Db part of the input DSA
TRACE::2026-08-09.09:00:00::SCWMssOS::Checking the sw design at  D:/projects/sdr200/Soft/Z7010/PS/front_ps/zynq_fsbl/zynq_fsbl_bsp/system.mss
TRACE::2026-08-09.09:00:00::SCWMssOS::DEBUG:  swdes dump  D:/projects/sdr200/Soft/Z7010/PS/front_ps/ps7_cortexa9_0/freertos10_xilinx_domain/bsp/system.mss|system_0||
D:/projects/sdr200/Soft/Z7010/PS/front_ps/zynq_fsbl/zynq_fsbl_bsp/system.mss|system||

TRACE::2026-08-09.09:00:00::SCWMssOS::Sw design exists and opened at  D:/projects/sdr200/Soft/Z7010/PS/front_ps/zynq_fsbl/zynq_fsbl_bsp/system.mss
TRACE::2026-08-09.09:00:00::SCWPlatform::Trying to open the hw design at D:/projects/sdr200/Soft/Z7010/PS/front_ps/hw/front_wrapper.xsa
TRACE::2026-08-09.09:00:00::SCWPlatform::DSA given D:/projects/sdr200/Soft/Z7010/PS/front_ps/hw/front_wrapper.xsa
TRACE::2026-08-09.09:00:00::SCWPlatform::DSA absoulate path D:/projects/sdr200/Soft/Z7010/PS/front_ps/hw/front_wrapper.xsa
TRACE::2026-08-09.09:00:00::SCWPlatform::DSA directory D:/projects/sdr200/Soft/Z7010/PS/front_ps/hw
TRACE::2026-08-09.09:00:00::SCWPlatform:: Platform Path D:/projects/sdr200/Soft/Z7010/PS/front_ps/hw/front_wrapper.xsa
TRACE::2026-08-09.09:00:00::SCWPlatform:: Unique name xilinx:::0.0
TRACE::2026-08-09.09:00:00::SCWPlatform::Trying to set the existing hwdb with name front_wrapper_6
TRACE::2026-08-09.09:00:00::SCWPlatform::Opened existing hwdb front_wrapper_6
TRACE::2026-08-09.09:00:00::SCWPlatform::Found the Hw Db part of the input DSA
TRACE::2026-08-09.09:00:00::SCWMssOS::Checking the sw design at  D:/projects/sdr200/Soft/Z7010/PS/front_ps/ps7_cortexa9_0/freertos10_xilinx_domain/bsp/system.mss
TRACE::2026-08-09.09:00:00::SCWMssOS::DEBUG:  swdes dump  D:/projects/sdr200/Soft/Z7010/PS/front_ps/ps7_cortexa9_0/freertos10_xilinx_domain/bsp/system.mss|system_0||
D:/projects/sdr200/Soft/Z7010/PS/front_ps/zynq_fsbl/zynq_fsbl_bsp/system.mss|system||

TRACE::2026-08-09.09:00:00::SCWMssOS::Sw design exists and opened at  D:/projects/sdr200/Soft/Z7010/PS/front_ps/ps7_cortexa9_0/freertos10_xilinx_domain/bsp/system.mss
TRACE::2026-08-09.09:00:00::SCWPlatform::Trying to open the hw design at D:/projects/sdr200/Soft/Z7010/PS/front_ps/hw/front_wrapper.xsa
TRACE::2026-08-09.09:00:00::SCWPlatform::DSA given D:/projects/sdr200/Soft/Z7010/PS/front_ps/hw/front_wrapper.xsa
TRACE::2026-08-09.09:00:00::SCWPlatform::DSA absoulate path D:/projects/sdr200/Soft/Z7010/PS/front_ps/hw/front_wrapper.xsa
TRACE::2026-08-09.09:00:00::SCWPlatform::DSA directory D:/projects/sdr200/Soft/Z7010/PS/front_ps/hw
TRACE::2026-08-09.09:00:00::SCWPlatform:: Platform Path D:/projects/sdr200/Soft/Z7010/PS/front_ps/hw/front_wrapper.xsa
TRACE::2026-08-09.09:00:00::SCWPlatform:: Unique name xilinx:::0.0
TRACE::2026-08-09.09:00:00::SCWPlatform::Trying to set the existing hwdb with name front_wrapper_6
TRACE::2026-08-09.09:00:00::SCWPlatform::Opened existing hwdb front_wrapper_6
TRACE::2026-08-09.09:00:00::SCWPlatform::Found the Hw Db part of the input DSA
TRACE::2026-08-09.09:00:00::SCWMssOS::Checking the sw design at  D:/projects/sdr200/Soft/Z7010/PS/front_ps/ps7_cortexa9_0/freertos10_xilinx_domain/bsp/system.mss
TRACE::2026-08-09.09:00:00::SCWMssOS::DEBUG:  swdes dump  D:/projects/sdr200/Soft/Z7010/PS/front_ps/ps7_cortexa9_0/freertos10_xilinx_domain/bsp/system.mss|system_0||
D:/projects/sdr200/Soft/Z7010/PS/front_ps/zynq_fsbl/zynq_fsbl_bsp/system.mss|system||

TRACE::2026-08-09.09:00:00::SCWMssOS::Sw design exists and opened at  D:/projects/sdr200/Soft/Z7010/PS/front_ps/ps7_cortexa9_0/freertos10_xilinx_domain/bsp/system.mss
TRACE::2026-08-09.09:00:00::SCWPlatform::Trying to open the hw design at D:/projects/sdr200/Soft/Z7010/PS/front_ps/hw/front_wrapper.xsa
TRACE::2026-08-09.09:00:00::SCWPlatform::DSA given D:/projects/sdr200/Soft/Z7010/PS/front_ps/hw/front_wrapper.xsa
TRACE::2026-08-09.09:00:00::SCWPlatform::DSA absoulate path D:/projects/sdr200/Soft/Z7010/PS/front_ps/hw/front_wrapper.xsa
TRACE::2026-08-09.09:00:00::SCWPlatform::DSA directory D:/projects/sdr200/Soft/Z7010/PS/front_ps/hw
TRACE::2026-08-09.09:00:00::SCWPlatform:: Platform Path D:/projects/sdr200/Soft/Z7010/PS/front_ps/hw/front_wrapper.xsa
TRACE::2026-08-09.09:00:00::SCWPlatform:: Unique name xilinx:::0.0
TRACE::2026-08-09.09:00:00::SCWPlatform::Trying to set the existing hwdb with name front_wrapper_6
TRACE::2026-08-09.09:00:00::SCWPlatform::Opened existing hwdb front_wrapper_6
TRACE::2026-08-09.09:00:00::SCWPlatform::Found the Hw Db part of the input DSA
TRACE::2026-08-09.09:00:00::SCWMssOS::Checking the sw design at  D:/projects/sdr200/Soft/Z7010/PS/front_ps/ps7_cortexa9_0/freertos10_xilinx_domain/bsp/system.mss
TRACE::2026-08-09.09:00:00::SCWMssOS::DEBUG:  swdes dump  D:/projects/sdr200/Soft/Z7010/PS/front_ps/ps7_cortexa9_0/freertos10_xilinx_domain/bsp/system.mss|system_0||
D:/projects/sdr200/Soft/Z7010/PS/front_ps/zynq_fsbl/zynq_fsbl_bsp/system.mss|system||

TRACE::2026-08-09.09:00:00::SCWMssOS::Sw design exists and opened at  D:/projects/sdr200/Soft/Z7010/PS/front_ps/ps7_cortexa9_0/freertos10_xilinx_domain/bsp/system.mss
TRACE::2026-08-09.09:00:00::SCWWriter::formatted JSON is {
	"platformName":	"front_ps",
	"sprVersion":	"2.0",
	"mode":	"gui",
	"dsaType":	"Fixed",
	"platformDesc":	"front_ps",
	"platHandOff":	"D:/projects/sdr200/Soft/Z7010/PL/front_wrapper.xsa",
	"platIntHandOff":	"<platformDir>/hw/front_wrapper.xsa",
	"deviceType":	"zynq",
	"platIsPrebuiltAutogen":	"false",
	"platIsNoBootBsp":	"false",
	"platFsblTarget":	"ps7_cortexa9_0",
	"hasFsblMakeHasChanges":	"false",
	"hasPmufwMakeHasChanges":	"false",
	"fsblExtraCompilerFlags":	"-MMD -MP       -mcpu=cortex-a9 -mfpu=vfpv3 -mfloat-abi=hard ",
	"platPreBuiltFlag":	false,
	"platformSamplesDir":	"",
	"platActiveSys":	"front_ps",
	"systems":	[{
			"systemName":	"front_ps",
			"systemDesc":	"front_ps",
			"sysIsBootAutoGen":	"true",
			"systemDispName":	"front_ps",
			"sysActiveDom":	"freertos10_xilinx_domain",
			"sysDefaultDom":	"freertos10_xilinx_domain",
			"domains":	[{
					"domainName":	"zynq_fsbl",
					"domainDispName":	"zynq_fsbl",
					"domainDesc":	"FSBL Application BSP - Auto Generated.",
					"processors":	"ps7_cortexa9_0",
					"os":	"standalone",
					"sdxOs":	"standalone",
					"debugEnable":	"",
					"domRuntimes":	["cpp"],
					"swRepo":	"",
					"mssOsVer":	"9.0",
					"mssFile":	"",
					"md5Digest":	"a9b6d6249b834789d5e5d0d09d85bae0",
					"compatibleApp":	"zynq_fsbl",
					"domType":	"bootDomain",
					"arch":	"32-bit",
					"appSettings":	{
						"appCompilerFlags":	"",
						"appLinkerFlags":	""
					},
					"addedLibs":	["xilffs:5.1", "xilrsa:1.7"],
					"libOptions":	{
						"libsContainingOptions":	[]
					},
					"prebuiltLibs":	{
						"prebuiltIncPath":	[],
						"prebuiltLibPath":	[]
					},
					"isolation":	{
					}
				}, {
					"domainName":	"freertos10_xilinx_domain",
					"domainDispName":	"freertos10_xilinx_domain",
					"domainDesc":	"freertos10_xilinx_domain",
					"processors":	"ps7_cortexa9_0",
					"os":	"freertos10_xilinx",
					"sdxOs":	"freertos10_xilinx",
					"qemuArgs":	"<platformDir>/resources/front_ps/freertos10_xilinx_domain/qemu_args.txt",
					"qemuData":	"<platformDir>/resources/front_ps/freertos10_xilinx_domain/qemu",
					"debugEnable":	"False",
					"domRuntimes":	["cpp"],
					"swRepo":	"",
					"mssOsVer":	"1.14",
					"mssFile":	"",
					"md5Digest":	"df08ccfec57ff0ec939766b2cabee81c",
					"compatibleApp":	"",
					"domType":	"mssDomain",
					"appSettings":	{
						"appCompilerFlags":	"",
						"appLinkerFlags":	""
					},
					"addedLibs":	[],
					"libOptions":	{
						"libsContainingOptions":	[]
					},
					"prebuiltLibs":	{
						"prebuiltIncPath":	[],
						"prebuiltLibPath":	[]
					},
					"isolation":	{
					}
				}]
		}]
}
KEYINFO::2026-08-09.09:00:00::SCWPlatform::updated the xpfm file.
TRACE::2026-08-09.09:00:01::SCWPlatform::Trying to open the hw design at D:/projects/sdr200/Soft/Z7010/PS/front_ps/hw/front_wrapper.xsa
TRACE::2026-08-09.09:00:01::SCWPlatform::DSA given D:/projects/sdr200/Soft/Z7010/PS/front_ps/hw/front_wrapper.xsa
TRACE::2026-08-09.09:00:01::SCWPlatform::DSA absoulate path D:/projects/sdr200/Soft/Z7010/PS/front_ps/hw/front_wrapper.xsa
TRACE::2026-08-09.09:00:01::SCWPlatform::DSA directory D:/projects/sdr200/Soft/Z7010/PS/front_ps/hw
TRACE::2026-08-09.09:00:01::SCWPlatform:: Platform Path D:/projects/sdr200/Soft/Z7010/PS/front_ps/hw/front_wrapper.xsa
TRACE::2026-08-09.09:00:01::SCWPlatform:: Unique name xilinx:::0.0
TRACE::2026-08-09.09:00:01::SCWPlatform::Trying to set the existing hwdb with name front_wrapper_6
TRACE::2026-08-09.09:00:01::SCWPlatform::Opened existing hwdb front_wrapper_6
TRACE::2026-08-09.09:00:01::SCWPlatform::Found the Hw Db part of the input DSA
TRACE::2026-08-09.09:00:01::SCWMssOS::Checking the sw design at  D:/projects/sdr200/Soft/Z7010/PS/front_ps/ps7_cortexa9_0/freertos10_xilinx_domain/bsp/system.mss
TRACE::2026-08-09.09:00:01::SCWMssOS::DEBUG:  swdes dump  D:/projects/sdr200/Soft/Z7010/PS/front_ps/ps7_cortexa9_0/freertos10_xilinx_domain/bsp/system.mss|system_0||
D:/projects/sdr200/Soft/Z7010/PS/front_ps/zynq_fsbl/zynq_fsbl_bsp/system.mss|system||

TRACE::2026-08-09.09:00:01::SCWMssOS::Sw design exists and opened at  D:/projects/sdr200/Soft/Z7010/PS/front_ps/ps7_cortexa9_0/freertos10_xilinx_domain/bsp/system.mss
TRACE::2026-08-09.09:00:01::SCWMssOS::Saving the mss changes D:/projects/sdr200/Soft/Z7010/PS/front_ps/zynq_fsbl/zynq_fsbl_bsp/system.mss
TRACE::2026-08-09.09:00:01::SCWMssOS::Found a swdesign opened with the mssfile.
TRACE::2026-08-09.09:00:01::SCWMssOS::Completed writemss as part of save.
TRACE::2026-08-09.09:00:01::SCWMssOS::Commit changes completed.
TRACE::2026-08-09.09:00:01::SCWMssOS::Saving the mss changes D:/projects/sdr200/Soft/Z7010/PS/front_ps/ps7_cortexa9_0/freertos10_xilinx_domain/bsp/system.mss
TRACE::2026-08-09.09:00:01::SCWMssOS::Found a swdesign opened with the mssfile.
TRACE::2026-08-09.09:00:01::SCWMssOS::Completed writemss as part of save.
TRACE::2026-08-09.09:00:01::SCWMssOS::Commit changes completed.
TRACE::2026-08-09.09:00:01::SCWPlatform::Trying to open the hw design at D:/projects/sdr200/Soft/Z7010/PS/front_ps/hw/front_wrapper.xsa
TRACE::2026-08-09.09:00:01::SCWPlatform::DSA given D:/projects/sdr200/Soft/Z7010/PS/front_ps/hw/front_wrapper.xsa
TRACE::2026-08-09.09:00:01::SCWPlatform::DSA absoulate path D:/projects/sdr200/Soft/Z7010/PS/front_ps/hw/front_wrapper.xsa
TRACE::2026-08-09.09:00:01::SCWPlatform::DSA directory D:/projects/sdr200/Soft/Z7010/PS/front_ps/hw
TRACE::2026-08-09.09:00:01::SCWPlatform:: Platform Path D:/projects/sdr200/Soft/Z7010/PS/front_ps/hw/front_wrapper.xsa
TRACE::2026-08-09.09:00:01::SCWPlatform:: Unique name xilinx:::0.0
TRACE::2026-08-09.09:00:01::SCWPlatform::Trying to set the existing hwdb with name front_wrapper_6
TRACE::2026-08-09.09:00:01::SCWPlatform::Opened existing hwdb front_wrapper_6
TRACE::2026-08-09.09:00:01::SCWPlatform::Found the Hw Db part of the input DSA
TRACE::2026-08-09.09:00:01::SCWMssOS::Checking the sw design at  D:/projects/sdr200/Soft/Z7010/PS/front_ps/zynq_fsbl/zynq_fsbl_bsp/system.mss
TRACE::2026-08-09.09:00:01::SCWMssOS::DEBUG:  swdes dump  D:/projects/sdr200/Soft/Z7010/PS/front_ps/ps7_cortexa9_0/freertos10_xilinx_domain/bsp/system.mss|system_0||
D:/projects/sdr200/Soft/Z7010/PS/front_ps/zynq_fsbl/zynq_fsbl_bsp/system.mss|system||

TRACE::2026-08-09.09:00:01::SCWMssOS::Sw design exists and opened at  D:/projects/sdr200/Soft/Z7010/PS/front_ps/zynq_fsbl/zynq_fsbl_bsp/system.mss
TRACE::2026-08-09.09:00:01::SCWPlatform::Trying to open the hw design at D:/projects/sdr200/Soft/Z7010/PS/front_ps/hw/front_wrapper.xsa
TRACE::2026-08-09.09:00:01::SCWPlatform::DSA given D:/projects/sdr200/Soft/Z7010/PS/front_ps/hw/front_wrapper.xsa
TRACE::2026-08-09.09:00:01::SCWPlatform::DSA absoulate path D:/projects/sdr200/Soft/Z7010/PS/front_ps/hw/front_wrapper.xsa
TRACE::2026-08-09.09:00:01::SCWPlatform::DSA directory D:/projects/sdr200/Soft/Z7010/PS/front_ps/hw
TRACE::2026-08-09.09:00:01::SCWPlatform:: Platform Path D:/projects/sdr200/Soft/Z7010/PS/front_ps/hw/front_wrapper.xsa
TRACE::2026-08-09.09:00:01::SCWPlatform:: Unique name xilinx:::0.0
TRACE::2026-08-09.09:00:01::SCWPlatform::Trying to set the existing hwdb with name front_wrapper_6
TRACE::2026-08-09.09:00:01::SCWPlatform::Opened existing hwdb front_wrapper_6
TRACE::2026-08-09.09:00:01::SCWPlatform::Found the Hw Db part of the input DSA
TRACE::2026-08-09.09:00:01::SCWMssOS::Checking the sw design at  D:/projects/sdr200/Soft/Z7010/PS/front_ps/zynq_fsbl/zynq_fsbl_bsp/system.mss
TRACE::2026-08-09.09:00:01::SCWMssOS::DEBUG:  swdes dump  D:/projects/sdr200/Soft/Z7010/PS/front_ps/ps7_cortexa9_0/freertos10_xilinx_domain/bsp/system.mss|system_0||
D:/projects/sdr200/Soft/Z7010/PS/front_ps/zynq_fsbl/zynq_fsbl_bsp/system.mss|system||

TRACE::2026-08-09.09:00:01::SCWMssOS::Sw design exists and opened at  D:/projects/sdr200/Soft/Z7010/PS/front_ps/zynq_fsbl/zynq_fsbl_bsp/system.mss
TRACE::2026-08-09.09:00:01::SCWPlatform::Trying to open the hw design at D:/projects/sdr200/Soft/Z7010/PS/front_ps/hw/front_wrapper.xsa
TRACE::2026-08-09.09:00:01::SCWPlatform::DSA given D:/projects/sdr200/Soft/Z7010/PS/front_ps/hw/front_wrapper.xsa
TRACE::2026-08-09.09:00:01::SCWPlatform::DSA absoulate path D:/projects/sdr200/Soft/Z7010/PS/front_ps/hw/front_wrapper.xsa
TRACE::2026-08-09.09:00:01::SCWPlatform::DSA directory D:/projects/sdr200/Soft/Z7010/PS/front_ps/hw
TRACE::2026-08-09.09:00:01::SCWPlatform:: Platform Path D:/projects/sdr200/Soft/Z7010/PS/front_ps/hw/front_wrapper.xsa
TRACE::2026-08-09.09:00:01::SCWPlatform:: Unique name xilinx:::0.0
TRACE::2026-08-09.09:00:01::SCWPlatform::Trying to set the existing hwdb with name front_wrapper_6
TRACE::2026-08-09.09:00:01::SCWPlatform::Opened existing hwdb front_wrapper_6
TRACE::2026-08-09.09:00:01::SCWPlatform::Found the Hw Db part of the input DSA
TRACE::2026-08-09.09:00:01::SCWMssOS::Checking the sw design at  D:/projects/sdr200/Soft/Z7010/PS/front_ps/zynq_fsbl/zynq_fsbl_bsp/system.mss
TRACE::2026-08-09.09:00:01::SCWMssOS::DEBUG:  swdes dump  D:/projects/sdr200/Soft/Z7010/PS/front_ps/ps7_cortexa9_0/freertos10_xilinx_domain/bsp/system.mss|system_0||
D:/projects/sdr200/Soft/Z7010/PS/front_ps/zynq_fsbl/zynq_fsbl_bsp/system.mss|system||

TRACE::2026-08-09.09:00:01::SCWMssOS::Sw design exists and opened at  D:/projects/sdr200/Soft/Z7010/PS/front_ps/zynq_fsbl/zynq_fsbl_bsp/system.mss
TRACE::2026-08-09.09:00:01::SCWPlatform::Trying to open the hw design at D:/projects/sdr200/Soft/Z7010/PS/front_ps/hw/front_wrapper.xsa
TRACE::2026-08-09.09:00:01::SCWPlatform::DSA given D:/projects/sdr200/Soft/Z7010/PS/front_ps/hw/front_wrapper.xsa
TRACE::2026-08-09.09:00:01::SCWPlatform::DSA absoulate path D:/projects/sdr200/Soft/Z7010/PS/front_ps/hw/front_wrapper.xsa
TRACE::2026-08-09.09:00:01::SCWPlatform::DSA directory D:/projects/sdr200/Soft/Z7010/PS/front_ps/hw
TRACE::2026-08-09.09:00:01::SCWPlatform:: Platform Path D:/projects/sdr200/Soft/Z7010/PS/front_ps/hw/front_wrapper.xsa
TRACE::2026-08-09.09:00:01::SCWPlatform:: Unique name xilinx:::0.0
TRACE::2026-08-09.09:00:01::SCWPlatform::Trying to set the existing hwdb with name front_wrapper_6
TRACE::2026-08-09.09:00:01::SCWPlatform::Opened existing hwdb front_wrapper_6
TRACE::2026-08-09.09:00:01::SCWPlatform::Found the Hw Db part of the input DSA
TRACE::2026-08-09.09:00:01::SCWMssOS::Checking the sw design at  D:/projects/sdr200/Soft/Z7010/PS/front_ps/ps7_cortexa9_0/freertos10_xilinx_domain/bsp/system.mss
TRACE::2026-08-09.09:00:01::SCWMssOS::DEBUG:  swdes dump  D:/projects/sdr200/Soft/Z7010/PS/front_ps/ps7_cortexa9_0/freertos10_xilinx_domain/bsp/system.mss|system_0||
D:/projects/sdr200/Soft/Z7010/PS/front_ps/zynq_fsbl/zynq_fsbl_bsp/system.mss|system||

TRACE::2026-08-09.09:00:01::SCWMssOS::Sw design exists and opened at  D:/projects/sdr200/Soft/Z7010/PS/front_ps/ps7_cortexa9_0/freertos10_xilinx_domain/bsp/system.mss
TRACE::2026-08-09.09:00:01::SCWPlatform::Trying to open the hw design at D:/projects/sdr200/Soft/Z7010/PS/front_ps/hw/front_wrapper.xsa
TRACE::2026-08-09.09:00:01::SCWPlatform::DSA given D:/projects/sdr200/Soft/Z7010/PS/front_ps/hw/front_wrapper.xsa
TRACE::2026-08-09.09:00:01::SCWPlatform::DSA absoulate path D:/projects/sdr200/Soft/Z7010/PS/front_ps/hw/front_wrapper.xsa
TRACE::2026-08-09.09:00:01::SCWPlatform::DSA directory D:/projects/sdr200/Soft/Z7010/PS/front_ps/hw
TRACE::2026-08-09.09:00:01::SCWPlatform:: Platform Path D:/projects/sdr200/Soft/Z7010/PS/front_ps/hw/front_wrapper.xsa
TRACE::2026-08-09.09:00:01::SCWPlatform:: Unique name xilinx:::0.0
TRACE::2026-08-09.09:00:01::SCWPlatform::Trying to set the existing hwdb with name front_wrapper_6
TRACE::2026-08-09.09:00:01::SCWPlatform::Opened existing hwdb front_wrapper_6
TRACE::2026-08-09.09:00:01::SCWPlatform::Found the Hw Db part of the input DSA
TRACE::2026-08-09.09:00:01::SCWMssOS::Checking the sw design at  D:/projects/sdr200/Soft/Z7010/PS/front_ps/ps7_cortexa9_0/freertos10_xilinx_domain/bsp/system.mss
TRACE::2026-08-09.09:00:01::SCWMssOS::DEBUG:  swdes dump  D:/projects/sdr200/Soft/Z7010/PS/front_ps/ps7_cortexa9_0/freertos10_xilinx_domain/bsp/system.mss|system_0||
D:/projects/sdr200/Soft/Z7010/PS/front_ps/zynq_fsbl/zynq_fsbl_bsp/system.mss|system||

TRACE::2026-08-09.09:00:01::SCWMssOS::Sw design exists and opened at  D:/projects/sdr200/Soft/Z7010/PS/front_ps/ps7_cortexa9_0/freertos10_xilinx_domain/bsp/system.mss
TRACE::2026-08-09.09:00:01::SCWPlatform::Trying to open the hw design at D:/projects/sdr200/Soft/Z7010/PS/front_ps/hw/front_wrapper.xsa
TRACE::2026-08-09.09:00:01::SCWPlatform::DSA given D:/projects/sdr200/Soft/Z7010/PS/front_ps/hw/front_wrapper.xsa
TRACE::2026-08-09.09:00:01::SCWPlatform::DSA absoulate path D:/projects/sdr200/Soft/Z7010/PS/front_ps/hw/front_wrapper.xsa
TRACE::2026-08-09.09:00:01::SCWPlatform::DSA directory D:/projects/sdr200/Soft/Z7010/PS/front_ps/hw
TRACE::2026-08-09.09:00:01::SCWPlatform:: Platform Path D:/projects/sdr200/Soft/Z7010/PS/front_ps/hw/front_wrapper.xsa
TRACE::2026-08-09.09:00:01::SCWPlatform:: Unique name xilinx:::0.0
TRACE::2026-08-09.09:00:01::SCWPlatform::Trying to set the existing hwdb with name front_wrapper_6
TRACE::2026-08-09.09:00:01::SCWPlatform::Opened existing hwdb front_wrapper_6
TRACE::2026-08-09.09:00:01::SCWPlatform::Found the Hw Db part of the input DSA
TRACE::2026-08-09.09:00:01::SCWMssOS::Checking the sw design at  D:/projects/sdr200/Soft/Z7010/PS/front_ps/ps7_cortexa9_0/freertos10_xilinx_domain/bsp/system.mss
TRACE::2026-08-09.09:00:01::SCWMssOS::DEBUG:  swdes dump  D:/projects/sdr200/Soft/Z7010/PS/front_ps/ps7_cortexa9_0/freertos10_xilinx_domain/bsp/system.mss|system_0||
D:/projects/sdr200/Soft/Z7010/PS/front_ps/zynq_fsbl/zynq_fsbl_bsp/system.mss|system||

TRACE::2026-08-09.09:00:01::SCWMssOS::Sw design exists and opened at  D:/projects/sdr200/Soft/Z7010/PS/front_ps/ps7_cortexa9_0/freertos10_xilinx_domain/bsp/system.mss
TRACE::2026-08-09.09:00:01::SCWWriter::formatted JSON is {
	"platformName":	"front_ps",
	"sprVersion":	"2.0",
	"mode":	"gui",
	"dsaType":	"Fixed",
	"platformDesc":	"front_ps",
	"platHandOff":	"D:/projects/sdr200/Soft/Z7010/PL/front_wrapper.xsa",
	"platIntHandOff":	"<platformDir>/hw/front_wrapper.xsa",
	"deviceType":	"zynq",
	"platIsPrebuiltAutogen":	"false",
	"platIsNoBootBsp":	"false",
	"platFsblTarget":	"ps7_cortexa9_0",
	"hasFsblMakeHasChanges":	"false",
	"hasPmufwMakeHasChanges":	"false",
	"fsblExtraCompilerFlags":	"-MMD -MP       -mcpu=cortex-a9 -mfpu=vfpv3 -mfloat-abi=hard ",
	"platPreBuiltFlag":	false,
	"platformSamplesDir":	"",
	"platActiveSys":	"front_ps",
	"systems":	[{
			"systemName":	"front_ps",
			"systemDesc":	"front_ps",
			"sysIsBootAutoGen":	"true",
			"systemDispName":	"front_ps",
			"sysActiveDom":	"freertos10_xilinx_domain",
			"sysDefaultDom":	"freertos10_xilinx_domain",
			"domains":	[{
					"domainName":	"zynq_fsbl",
					"domainDispName":	"zynq_fsbl",
					"domainDesc":	"FSBL Application BSP - Auto Generated.",
					"processors":	"ps7_cortexa9_0",
					"os":	"standalone",
					"sdxOs":	"standalone",
					"debugEnable":	"",
					"domRuntimes":	["cpp"],
					"swRepo":	"",
					"mssOsVer":	"9.0",
					"mssFile":	"",
					"md5Digest":	"a9b6d6249b834789d5e5d0d09d85bae0",
					"compatibleApp":	"zynq_fsbl",
					"domType":	"bootDomain",
					"arch":	"32-bit",
					"appSettings":	{
						"appCompilerFlags":	"",
						"appLinkerFlags":	""
					},
					"addedLibs":	["xilffs:5.1", "xilrsa:1.7"],
					"libOptions":	{
						"libsContainingOptions":	[]
					},
					"prebuiltLibs":	{
						"prebuiltIncPath":	[],
						"prebuiltLibPath":	[]
					},
					"isolation":	{
					}
				}, {
					"domainName":	"freertos10_xilinx_domain",
					"domainDispName":	"freertos10_xilinx_domain",
					"domainDesc":	"freertos10_xilinx_domain",
					"processors":	"ps7_cortexa9_0",
					"os":	"freertos10_xilinx",
					"sdxOs":	"freertos10_xilinx",
					"qemuArgs":	"<platformDir>/resources/front_ps/freertos10_xilinx_domain/qemu_args.txt",
					"qemuData":	"<platformDir>/resources/front_ps/freertos10_xilinx_domain/qemu",
					"debugEnable":	"False",
					"domRuntimes":	["cpp"],
					"swRepo":	"",
					"mssOsVer":	"1.14",
					"mssFile":	"",
					"md5Digest":	"df08ccfec57ff0ec939766b2cabee81c",
					"compatibleApp":	"",
					"domType":	"mssDomain",
					"appSettings":	{
						"appCompilerFlags":	"",
						"appLinkerFlags":	""
					},
					"addedLibs":	[],
					"libOptions":	{
						"libsContainingOptions":	[]
					},
					"prebuiltLibs":	{
						"prebuiltIncPath":	[],
						"prebuiltLibPath":	[]
					},
					"isolation":	{
					}
				}]
		}]
}
TRACE::2026-08-09.09:00:01::SCWPlatform::Trying to open the hw design at D:/projects/sdr200/Soft/Z7010/PS/front_ps/hw/front_wrapper.xsa
TRACE::2026-08-09.09:00:01::SCWPlatform::DSA given D:/projects/sdr200/Soft/Z7010/PS/front_ps/hw/front_wrapper.xsa
TRACE::2026-08-09.09:00:01::SCWPlatform::DSA absoulate path D:/projects/sdr200/Soft/Z7010/PS/front_ps/hw/front_wrapper.xsa
TRACE::2026-08-09.09:00:01::SCWPlatform::DSA directory D:/projects/sdr200/Soft/Z7010/PS/front_ps/hw
TRACE::2026-08-09.09:00:01::SCWPlatform:: Platform Path D:/projects/sdr200/Soft/Z7010/PS/front_ps/hw/front_wrapper.xsa
TRACE::2026-08-09.09:00:01::SCWPlatform:: Unique name xilinx:::0.0
TRACE::2026-08-09.09:00:01::SCWPlatform::Trying to set the existing hwdb with name front_wrapper_6
TRACE::2026-08-09.09:00:01::SCWPlatform::Opened existing hwdb front_wrapper_6
TRACE::2026-08-09.09:00:01::SCWPlatform::Found the Hw Db part of the input DSA
TRACE::2026-08-09.09:00:01::SCWMssOS::Checking the sw design at  D:/projects/sdr200/Soft/Z7010/PS/front_ps/ps7_cortexa9_0/freertos10_xilinx_domain/bsp/system.mss
TRACE::2026-08-09.09:00:01::SCWMssOS::DEBUG:  swdes dump  D:/projects/sdr200/Soft/Z7010/PS/front_ps/ps7_cortexa9_0/freertos10_xilinx_domain/bsp/system.mss|system_0||
D:/projects/sdr200/Soft/Z7010/PS/front_ps/zynq_fsbl/zynq_fsbl_bsp/system.mss|system||

TRACE::2026-08-09.09:00:01::SCWMssOS::Sw design exists and opened at  D:/projects/sdr200/Soft/Z7010/PS/front_ps/ps7_cortexa9_0/freertos10_xilinx_domain/bsp/system.mss
TRACE::2026-08-09.09:00:01::SCWPlatform::Trying to open the hw design at D:/projects/sdr200/Soft/Z7010/PS/front_ps/hw/front_wrapper.xsa
TRACE::2026-08-09.09:00:01::SCWPlatform::DSA given D:/projects/sdr200/Soft/Z7010/PS/front_ps/hw/front_wrapper.xsa
TRACE::2026-08-09.09:00:01::SCWPlatform::DSA absoulate path D:/projects/sdr200/Soft/Z7010/PS/front_ps/hw/front_wrapper.xsa
TRACE::2026-08-09.09:00:01::SCWPlatform::DSA directory D:/projects/sdr200/Soft/Z7010/PS/front_ps/hw
TRACE::2026-08-09.09:00:01::SCWPlatform:: Platform Path D:/projects/sdr200/Soft/Z7010/PS/front_ps/hw/front_wrapper.xsa
TRACE::2026-08-09.09:00:01::SCWPlatform:: Unique name xilinx:::0.0
TRACE::2026-08-09.09:00:01::SCWPlatform::Trying to set the existing hwdb with name front_wrapper_6
TRACE::2026-08-09.09:00:01::SCWPlatform::Opened existing hwdb front_wrapper_6
TRACE::2026-08-09.09:00:01::SCWPlatform::Found the Hw Db part of the input DSA
TRACE::2026-08-09.09:00:01::SCWMssOS::Checking the sw design at  D:/projects/sdr200/Soft/Z7010/PS/front_ps/ps7_cortexa9_0/freertos10_xilinx_domain/bsp/system.mss
TRACE::2026-08-09.09:00:01::SCWMssOS::DEBUG:  swdes dump  D:/projects/sdr200/Soft/Z7010/PS/front_ps/ps7_cortexa9_0/freertos10_xilinx_domain/bsp/system.mss|system_0||
D:/projects/sdr200/Soft/Z7010/PS/front_ps/zynq_fsbl/zynq_fsbl_bsp/system.mss|system||

TRACE::2026-08-09.09:00:01::SCWMssOS::Sw design exists and opened at  D:/projects/sdr200/Soft/Z7010/PS/front_ps/ps7_cortexa9_0/freertos10_xilinx_domain/bsp/system.mss
TRACE::2026-08-09.09:00:01::SCWPlatform::Trying to open the hw design at D:/projects/sdr200/Soft/Z7010/PS/front_ps/hw/front_wrapper.xsa
TRACE::2026-08-09.09:00:01::SCWPlatform::DSA given D:/projects/sdr200/Soft/Z7010/PS/front_ps/hw/front_wrapper.xsa
TRACE::2026-08-09.09:00:01::SCWPlatform::DSA absoulate path D:/projects/sdr200/Soft/Z7010/PS/front_ps/hw/front_wrapper.xsa
TRACE::2026-08-09.09:00:01::SCWPlatform::DSA directory D:/projects/sdr200/Soft/Z7010/PS/front_ps/hw
TRACE::2026-08-09.09:00:01::SCWPlatform:: Platform Path D:/projects/sdr200/Soft/Z7010/PS/front_ps/hw/front_wrapper.xsa
TRACE::2026-08-09.09:00:01::SCWPlatform:: Unique name xilinx:::0.0
TRACE::2026-08-09.09:00:01::SCWPlatform::Trying to set the existing hwdb with name front_wrapper_6
TRACE::2026-08-09.09:00:01::SCWPlatform::Opened existing hwdb front_wrapper_6
TRACE::2026-08-09.09:00:01::SCWPlatform::Found the Hw Db part of the input DSA
TRACE::2026-08-09.09:00:01::SCWMssOS::Checking the sw design at  D:/projects/sdr200/Soft/Z7010/PS/front_ps/ps7_cortexa9_0/freertos10_xilinx_domain/bsp/system.mss
TRACE::2026-08-09.09:00:01::SCWMssOS::DEBUG:  swdes dump  D:/projects/sdr200/Soft/Z7010/PS/front_ps/ps7_cortexa9_0/freertos10_xilinx_domain/bsp/system.mss|system_0||
D:/projects/sdr200/Soft/Z7010/PS/front_ps/zynq_fsbl/zynq_fsbl_bsp/system.mss|system||

TRACE::2026-08-09.09:00:01::SCWMssOS::Sw design exists and opened at  D:/projects/sdr200/Soft/Z7010/PS/front_ps/ps7_cortexa9_0/freertos10_xilinx_domain/bsp/system.mss
TRACE::2026-08-09.09:00:01::SCWMssOS::Saving the mss changes D:/projects/sdr200/Soft/Z7010/PS/front_ps/zynq_fsbl/zynq_fsbl_bsp/system.mss
TRACE::2026-08-09.09:00:01::SCWMssOS::Found a swdesign opened with the mssfile.
TRACE::2026-08-09.09:00:01::SCWMssOS::Completed writemss as part of save.
TRACE::2026-08-09.09:00:01::SCWMssOS::Commit changes completed.
TRACE::2026-08-09.09:00:01::SCWMssOS::Saving the mss changes D:/projects/sdr200/Soft/Z7010/PS/front_ps/ps7_cortexa9_0/freertos10_xilinx_domain/bsp/system.mss
TRACE::2026-08-09.09:00:01::SCWMssOS::Found a swdesign opened with the mssfile.
TRACE::2026-08-09.09:00:01::SCWMssOS::Completed writemss as part of save.
TRACE::2026-08-09.09:00:01::SCWMssOS::Commit changes completed.
TRACE::2026-08-09.09:00:01::SCWPlatform::Trying to open the hw design at D:/projects/sdr200/Soft/Z7010/PS/front_ps/hw/front_wrapper.xsa
TRACE::2026-08-09.09:00:01::SCWPlatform::DSA given D:/projects/sdr200/Soft/Z7010/PS/front_ps/hw/front_wrapper.xsa
TRACE::2026-08-09.09:00:01::SCWPlatform::DSA absoulate path D:/projects/sdr200/Soft/Z7010/PS/front_ps/hw/front_wrapper.xsa
TRACE::2026-08-09.09:00:01::SCWPlatform::DSA directory D:/projects/sdr200/Soft/Z7010/PS/front_ps/hw
TRACE::2026-08-09.09:00:01::SCWPlatform:: Platform Path D:/projects/sdr200/Soft/Z7010/PS/front_ps/hw/front_wrapper.xsa
TRACE::2026-08-09.09:00:01::SCWPlatform:: Unique name xilinx:::0.0
TRACE::2026-08-09.09:00:01::SCWPlatform::Trying to set the existing hwdb with name front_wrapper_6
TRACE::2026-08-09.09:00:01::SCWPlatform::Opened existing hwdb front_wrapper_6
TRACE::2026-08-09.09:00:01::SCWPlatform::Found the Hw Db part of the input DSA
TRACE::2026-08-09.09:00:01::SCWMssOS::Checking the sw design at  D:/projects/sdr200/Soft/Z7010/PS/front_ps/zynq_fsbl/zynq_fsbl_bsp/system.mss
TRACE::2026-08-09.09:00:01::SCWMssOS::DEBUG:  swdes dump  D:/projects/sdr200/Soft/Z7010/PS/front_ps/ps7_cortexa9_0/freertos10_xilinx_domain/bsp/system.mss|system_0||
D:/projects/sdr200/Soft/Z7010/PS/front_ps/zynq_fsbl/zynq_fsbl_bsp/system.mss|system||

TRACE::2026-08-09.09:00:01::SCWMssOS::Sw design exists and opened at  D:/projects/sdr200/Soft/Z7010/PS/front_ps/zynq_fsbl/zynq_fsbl_bsp/system.mss
TRACE::2026-08-09.09:00:01::SCWPlatform::Trying to open the hw design at D:/projects/sdr200/Soft/Z7010/PS/front_ps/hw/front_wrapper.xsa
TRACE::2026-08-09.09:00:01::SCWPlatform::DSA given D:/projects/sdr200/Soft/Z7010/PS/front_ps/hw/front_wrapper.xsa
TRACE::2026-08-09.09:00:01::SCWPlatform::DSA absoulate path D:/projects/sdr200/Soft/Z7010/PS/front_ps/hw/front_wrapper.xsa
TRACE::2026-08-09.09:00:01::SCWPlatform::DSA directory D:/projects/sdr200/Soft/Z7010/PS/front_ps/hw
TRACE::2026-08-09.09:00:01::SCWPlatform:: Platform Path D:/projects/sdr200/Soft/Z7010/PS/front_ps/hw/front_wrapper.xsa
TRACE::2026-08-09.09:00:01::SCWPlatform:: Unique name xilinx:::0.0
TRACE::2026-08-09.09:00:01::SCWPlatform::Trying to set the existing hwdb with name front_wrapper_6
TRACE::2026-08-09.09:00:01::SCWPlatform::Opened existing hwdb front_wrapper_6
TRACE::2026-08-09.09:00:01::SCWPlatform::Found the Hw Db part of the input DSA
TRACE::2026-08-09.09:00:01::SCWMssOS::Checking the sw design at  D:/projects/sdr200/Soft/Z7010/PS/front_ps/zynq_fsbl/zynq_fsbl_bsp/system.mss
TRACE::2026-08-09.09:00:01::SCWMssOS::DEBUG:  swdes dump  D:/projects/sdr200/Soft/Z7010/PS/front_ps/ps7_cortexa9_0/freertos10_xilinx_domain/bsp/system.mss|system_0||
D:/projects/sdr200/Soft/Z7010/PS/front_ps/zynq_fsbl/zynq_fsbl_bsp/system.mss|system||

TRACE::2026-08-09.09:00:01::SCWMssOS::Sw design exists and opened at  D:/projects/sdr200/Soft/Z7010/PS/front_ps/zynq_fsbl/zynq_fsbl_bsp/system.mss
TRACE::2026-08-09.09:00:01::SCWPlatform::Trying to open the hw design at D:/projects/sdr200/Soft/Z7010/PS/front_ps/hw/front_wrapper.xsa
TRACE::2026-08-09.09:00:01::SCWPlatform::DSA given D:/projects/sdr200/Soft/Z7010/PS/front_ps/hw/front_wrapper.xsa
TRACE::2026-08-09.09:00:01::SCWPlatform::DSA absoulate path D:/projects/sdr200/Soft/Z7010/PS/front_ps/hw/front_wrapper.xsa
TRACE::2026-08-09.09:00:01::SCWPlatform::DSA directory D:/projects/sdr200/Soft/Z7010/PS/front_ps/hw
TRACE::2026-08-09.09:00:01::SCWPlatform:: Platform Path D:/projects/sdr200/Soft/Z7010/PS/front_ps/hw/front_wrapper.xsa
TRACE::2026-08-09.09:00:01::SCWPlatform:: Unique name xilinx:::0.0
TRACE::2026-08-09.09:00:01::SCWPlatform::Trying to set the existing hwdb with name front_wrapper_6
TRACE::2026-08-09.09:00:01::SCWPlatform::Opened existing hwdb front_wrapper_6
TRACE::2026-08-09.09:00:01::SCWPlatform::Found the Hw Db part of the input DSA
TRACE::2026-08-09.09:00:01::SCWMssOS::Checking the sw design at  D:/projects/sdr200/Soft/Z7010/PS/front_ps/zynq_fsbl/zynq_fsbl_bsp/system.mss
TRACE::2026-08-09.09:00:01::SCWMssOS::DEBUG:  swdes dump  D:/projects/sdr200/Soft/Z7010/PS/front_ps/ps7_cortexa9_0/freertos10_xilinx_domain/bsp/system.mss|system_0||
D:/projects/sdr200/Soft/Z7010/PS/front_ps/zynq_fsbl/zynq_fsbl_bsp/system.mss|system||

TRACE::2026-08-09.09:00:01::SCWMssOS::Sw design exists and opened at  D:/projects/sdr200/Soft/Z7010/PS/front_ps/zynq_fsbl/zynq_fsbl_bsp/system.mss
TRACE::2026-08-09.09:00:01::SCWPlatform::Trying to open the hw design at D:/projects/sdr200/Soft/Z7010/PS/front_ps/hw/front_wrapper.xsa
TRACE::2026-08-09.09:00:01::SCWPlatform::DSA given D:/projects/sdr200/Soft/Z7010/PS/front_ps/hw/front_wrapper.xsa
TRACE::2026-08-09.09:00:01::SCWPlatform::DSA absoulate path D:/projects/sdr200/Soft/Z7010/PS/front_ps/hw/front_wrapper.xsa
TRACE::2026-08-09.09:00:01::SCWPlatform::DSA directory D:/projects/sdr200/Soft/Z7010/PS/front_ps/hw
TRACE::2026-08-09.09:00:01::SCWPlatform:: Platform Path D:/projects/sdr200/Soft/Z7010/PS/front_ps/hw/front_wrapper.xsa
TRACE::2026-08-09.09:00:01::SCWPlatform:: Unique name xilinx:::0.0
TRACE::2026-08-09.09:00:01::SCWPlatform::Trying to set the existing hwdb with name front_wrapper_6
TRACE::2026-08-09.09:00:01::SCWPlatform::Opened existing hwdb front_wrapper_6
TRACE::2026-08-09.09:00:01::SCWPlatform::Found the Hw Db part of the input DSA
TRACE::2026-08-09.09:00:01::SCWMssOS::Checking the sw design at  D:/projects/sdr200/Soft/Z7010/PS/front_ps/ps7_cortexa9_0/freertos10_xilinx_domain/bsp/system.mss
TRACE::2026-08-09.09:00:01::SCWMssOS::DEBUG:  swdes dump  D:/projects/sdr200/Soft/Z7010/PS/front_ps/ps7_cortexa9_0/freertos10_xilinx_domain/bsp/system.mss|system_0||
D:/projects/sdr200/Soft/Z7010/PS/front_ps/zynq_fsbl/zynq_fsbl_bsp/system.mss|system||

TRACE::2026-08-09.09:00:01::SCWMssOS::Sw design exists and opened at  D:/projects/sdr200/Soft/Z7010/PS/front_ps/ps7_cortexa9_0/freertos10_xilinx_domain/bsp/system.mss
TRACE::2026-08-09.09:00:01::SCWPlatform::Trying to open the hw design at D:/projects/sdr200/Soft/Z7010/PS/front_ps/hw/front_wrapper.xsa
TRACE::2026-08-09.09:00:01::SCWPlatform::DSA given D:/projects/sdr200/Soft/Z7010/PS/front_ps/hw/front_wrapper.xsa
TRACE::2026-08-09.09:00:01::SCWPlatform::DSA absoulate path D:/projects/sdr200/Soft/Z7010/PS/front_ps/hw/front_wrapper.xsa
TRACE::2026-08-09.09:00:01::SCWPlatform::DSA directory D:/projects/sdr200/Soft/Z7010/PS/front_ps/hw
TRACE::2026-08-09.09:00:01::SCWPlatform:: Platform Path D:/projects/sdr200/Soft/Z7010/PS/front_ps/hw/front_wrapper.xsa
TRACE::2026-08-09.09:00:01::SCWPlatform:: Unique name xilinx:::0.0
TRACE::2026-08-09.09:00:01::SCWPlatform::Trying to set the existing hwdb with name front_wrapper_6
TRACE::2026-08-09.09:00:01::SCWPlatform::Opened existing hwdb front_wrapper_6
TRACE::2026-08-09.09:00:01::SCWPlatform::Found the Hw Db part of the input DSA
TRACE::2026-08-09.09:00:01::SCWMssOS::Checking the sw design at  D:/projects/sdr200/Soft/Z7010/PS/front_ps/ps7_cortexa9_0/freertos10_xilinx_domain/bsp/system.mss
TRACE::2026-08-09.09:00:01::SCWMssOS::DEBUG:  swdes dump  D:/projects/sdr200/Soft/Z7010/PS/front_ps/ps7_cortexa9_0/freertos10_xilinx_domain/bsp/system.mss|system_0||
D:/projects/sdr200/Soft/Z7010/PS/front_ps/zynq_fsbl/zynq_fsbl_bsp/system.mss|system||

TRACE::2026-08-09.09:00:01::SCWMssOS::Sw design exists and opened at  D:/projects/sdr200/Soft/Z7010/PS/front_ps/ps7_cortexa9_0/freertos10_xilinx_domain/bsp/system.mss
TRACE::2026-08-09.09:00:01::SCWPlatform::Trying to open the hw design at D:/projects/sdr200/Soft/Z7010/PS/front_ps/hw/front_wrapper.xsa
TRACE::2026-08-09.09:00:01::SCWPlatform::DSA given D:/projects/sdr200/Soft/Z7010/PS/front_ps/hw/front_wrapper.xsa
TRACE::2026-08-09.09:00:01::SCWPlatform::DSA absoulate path D:/projects/sdr200/Soft/Z7010/PS/front_ps/hw/front_wrapper.xsa
TRACE::2026-08-09.09:00:01::SCWPlatform::DSA directory D:/projects/sdr200/Soft/Z7010/PS/front_ps/hw
TRACE::2026-08-09.09:00:01::SCWPlatform:: Platform Path D:/projects/sdr200/Soft/Z7010/PS/front_ps/hw/front_wrapper.xsa
TRACE::2026-08-09.09:00:01::SCWPlatform:: Unique name xilinx:::0.0
TRACE::2026-08-09.09:00:01::SCWPlatform::Trying to set the existing hwdb with name front_wrapper_6
TRACE::2026-08-09.09:00:01::SCWPlatform::Opened existing hwdb front_wrapper_6
TRACE::2026-08-09.09:00:01::SCWPlatform::Found the Hw Db part of the input DSA
TRACE::2026-08-09.09:00:01::SCWMssOS::Checking the sw design at  D:/projects/sdr200/Soft/Z7010/PS/front_ps/ps7_cortexa9_0/freertos10_xilinx_domain/bsp/system.mss
TRACE::2026-08-09.09:00:01::SCWMssOS::DEBUG:  swdes dump  D:/projects/sdr200/Soft/Z7010/PS/front_ps/ps7_cortexa9_0/freertos10_xilinx_domain/bsp/system.mss|system_0||
D:/projects/sdr200/Soft/Z7010/PS/front_ps/zynq_fsbl/zynq_fsbl_bsp/system.mss|system||

TRACE::2026-08-09.09:00:01::SCWMssOS::Sw design exists and opened at  D:/projects/sdr200/Soft/Z7010/PS/front_ps/ps7_cortexa9_0/freertos10_xilinx_domain/bsp/system.mss
TRACE::2026-08-09.09:00:01::SCWWriter::formatted JSON is {
	"platformName":	"front_ps",
	"sprVersion":	"2.0",
	"mode":	"gui",
	"dsaType":	"Fixed",
	"platformDesc":	"front_ps",
	"platHandOff":	"D:/projects/sdr200/Soft/Z7010/PL/front_wrapper.xsa",
	"platIntHandOff":	"<platformDir>/hw/front_wrapper.xsa",
	"deviceType":	"zynq",
	"platIsPrebuiltAutogen":	"false",
	"platIsNoBootBsp":	"false",
	"platFsblTarget":	"ps7_cortexa9_0",
	"hasFsblMakeHasChanges":	"false",
	"hasPmufwMakeHasChanges":	"false",
	"fsblExtraCompilerFlags":	"-MMD -MP       -mcpu=cortex-a9 -mfpu=vfpv3 -mfloat-abi=hard ",
	"platPreBuiltFlag":	false,
	"platformSamplesDir":	"",
	"platActiveSys":	"front_ps",
	"systems":	[{
			"systemName":	"front_ps",
			"systemDesc":	"front_ps",
			"sysIsBootAutoGen":	"true",
			"systemDispName":	"front_ps",
			"sysActiveDom":	"freertos10_xilinx_domain",
			"sysDefaultDom":	"freertos10_xilinx_domain",
			"domains":	[{
					"domainName":	"zynq_fsbl",
					"domainDispName":	"zynq_fsbl",
					"domainDesc":	"FSBL Application BSP - Auto Generated.",
					"processors":	"ps7_cortexa9_0",
					"os":	"standalone",
					"sdxOs":	"standalone",
					"debugEnable":	"",
					"domRuntimes":	["cpp"],
					"swRepo":	"",
					"mssOsVer":	"9.0",
					"mssFile":	"",
					"md5Digest":	"a9b6d6249b834789d5e5d0d09d85bae0",
					"compatibleApp":	"zynq_fsbl",
					"domType":	"bootDomain",
					"arch":	"32-bit",
					"appSettings":	{
						"appCompilerFlags":	"",
						"appLinkerFlags":	""
					},
					"addedLibs":	["xilffs:5.1", "xilrsa:1.7"],
					"libOptions":	{
						"libsContainingOptions":	[]
					},
					"prebuiltLibs":	{
						"prebuiltIncPath":	[],
						"prebuiltLibPath":	[]
					},
					"isolation":	{
					}
				}, {
					"domainName":	"freertos10_xilinx_domain",
					"domainDispName":	"freertos10_xilinx on ps7_cortexa9_0",
					"domainDesc":	"freertos10_xilinx_domain",
					"processors":	"ps7_cortexa9_0",
					"os":	"freertos10_xilinx",
					"sdxOs":	"freertos10_xilinx",
					"qemuArgs":	"<platformDir>/resources/front_ps/freertos10_xilinx_domain/qemu_args.txt",
					"qemuData":	"<platformDir>/resources/front_ps/freertos10_xilinx_domain/qemu",
					"debugEnable":	"False",
					"domRuntimes":	["cpp"],
					"swRepo":	"",
					"mssOsVer":	"1.14",
					"mssFile":	"",
					"md5Digest":	"df08ccfec57ff0ec939766b2cabee81c",
					"compatibleApp":	"",
					"domType":	"mssDomain",
					"appSettings":	{
						"appCompilerFlags":	"",
						"appLinkerFlags":	""
					},
					"addedLibs":	[],
					"libOptions":	{
						"libsContainingOptions":	[]
					},
					"prebuiltLibs":	{
						"prebuiltIncPath":	[],
						"prebuiltLibPath":	[]
					},
					"isolation":	{
					}
				}]
		}]
}
TRACE::2026-08-09.09:00:01::SCWMssOS::Saving the mss changes D:/projects/sdr200/Soft/Z7010/PS/front_ps/zynq_fsbl/zynq_fsbl_bsp/system.mss
TRACE::2026-08-09.09:00:01::SCWMssOS::Found a swdesign opened with the mssfile.
TRACE::2026-08-09.09:00:01::SCWMssOS::Completed writemss as part of save.
TRACE::2026-08-09.09:00:01::SCWMssOS::Commit changes completed.
TRACE::2026-08-09.09:00:01::SCWMssOS::Saving the mss changes D:/projects/sdr200/Soft/Z7010/PS/front_ps/ps7_cortexa9_0/freertos10_xilinx_domain/bsp/system.mss
TRACE::2026-08-09.09:00:01::SCWMssOS::Found a swdesign opened with the mssfile.
TRACE::2026-08-09.09:00:01::SCWMssOS::Completed writemss as part of save.
TRACE::2026-08-09.09:00:01::SCWMssOS::Commit changes completed.
TRACE::2026-08-09.09:00:01::SCWPlatform::Trying to open the hw design at D:/projects/sdr200/Soft/Z7010/PS/front_ps/hw/front_wrapper.xsa
TRACE::2026-08-09.09:00:01::SCWPlatform::DSA given D:/projects/sdr200/Soft/Z7010/PS/front_ps/hw/front_wrapper.xsa
TRACE::2026-08-09.09:00:01::SCWPlatform::DSA absoulate path D:/projects/sdr200/Soft/Z7010/PS/front_ps/hw/front_wrapper.xsa
TRACE::2026-08-09.09:00:01::SCWPlatform::DSA directory D:/projects/sdr200/Soft/Z7010/PS/front_ps/hw
TRACE::2026-08-09.09:00:01::SCWPlatform:: Platform Path D:/projects/sdr200/Soft/Z7010/PS/front_ps/hw/front_wrapper.xsa
TRACE::2026-08-09.09:00:01::SCWPlatform:: Unique name xilinx:::0.0
TRACE::2026-08-09.09:00:01::SCWPlatform::Trying to set the existing hwdb with name front_wrapper_6
TRACE::2026-08-09.09:00:01::SCWPlatform::Opened existing hwdb front_wrapper_6
TRACE::2026-08-09.09:00:01::SCWPlatform::Found the Hw Db part of the input DSA
TRACE::2026-08-09.09:00:01::SCWMssOS::Checking the sw design at  D:/projects/sdr200/Soft/Z7010/PS/front_ps/zynq_fsbl/zynq_fsbl_bsp/system.mss
TRACE::2026-08-09.09:00:01::SCWMssOS::DEBUG:  swdes dump  D:/projects/sdr200/Soft/Z7010/PS/front_ps/ps7_cortexa9_0/freertos10_xilinx_domain/bsp/system.mss|system_0||
D:/projects/sdr200/Soft/Z7010/PS/front_ps/zynq_fsbl/zynq_fsbl_bsp/system.mss|system||

TRACE::2026-08-09.09:00:01::SCWMssOS::Sw design exists and opened at  D:/projects/sdr200/Soft/Z7010/PS/front_ps/zynq_fsbl/zynq_fsbl_bsp/system.mss
TRACE::2026-08-09.09:00:01::SCWPlatform::Trying to open the hw design at D:/projects/sdr200/Soft/Z7010/PS/front_ps/hw/front_wrapper.xsa
TRACE::2026-08-09.09:00:01::SCWPlatform::DSA given D:/projects/sdr200/Soft/Z7010/PS/front_ps/hw/front_wrapper.xsa
TRACE::2026-08-09.09:00:01::SCWPlatform::DSA absoulate path D:/projects/sdr200/Soft/Z7010/PS/front_ps/hw/front_wrapper.xsa
TRACE::2026-08-09.09:00:01::SCWPlatform::DSA directory D:/projects/sdr200/Soft/Z7010/PS/front_ps/hw
TRACE::2026-08-09.09:00:01::SCWPlatform:: Platform Path D:/projects/sdr200/Soft/Z7010/PS/front_ps/hw/front_wrapper.xsa
TRACE::2026-08-09.09:00:01::SCWPlatform:: Unique name xilinx:::0.0
TRACE::2026-08-09.09:00:01::SCWPlatform::Trying to set the existing hwdb with name front_wrapper_6
TRACE::2026-08-09.09:00:01::SCWPlatform::Opened existing hwdb front_wrapper_6
TRACE::2026-08-09.09:00:01::SCWPlatform::Found the Hw Db part of the input DSA
TRACE::2026-08-09.09:00:01::SCWMssOS::Checking the sw design at  D:/projects/sdr200/Soft/Z7010/PS/front_ps/zynq_fsbl/zynq_fsbl_bsp/system.mss
TRACE::2026-08-09.09:00:01::SCWMssOS::DEBUG:  swdes dump  D:/projects/sdr200/Soft/Z7010/PS/front_ps/ps7_cortexa9_0/freertos10_xilinx_domain/bsp/system.mss|system_0||
D:/projects/sdr200/Soft/Z7010/PS/front_ps/zynq_fsbl/zynq_fsbl_bsp/system.mss|system||

TRACE::2026-08-09.09:00:01::SCWMssOS::Sw design exists and opened at  D:/projects/sdr200/Soft/Z7010/PS/front_ps/zynq_fsbl/zynq_fsbl_bsp/system.mss
TRACE::2026-08-09.09:00:01::SCWPlatform::Trying to open the hw design at D:/projects/sdr200/Soft/Z7010/PS/front_ps/hw/front_wrapper.xsa
TRACE::2026-08-09.09:00:01::SCWPlatform::DSA given D:/projects/sdr200/Soft/Z7010/PS/front_ps/hw/front_wrapper.xsa
TRACE::2026-08-09.09:00:01::SCWPlatform::DSA absoulate path D:/projects/sdr200/Soft/Z7010/PS/front_ps/hw/front_wrapper.xsa
TRACE::2026-08-09.09:00:01::SCWPlatform::DSA directory D:/projects/sdr200/Soft/Z7010/PS/front_ps/hw
TRACE::2026-08-09.09:00:01::SCWPlatform:: Platform Path D:/projects/sdr200/Soft/Z7010/PS/front_ps/hw/front_wrapper.xsa
TRACE::2026-08-09.09:00:01::SCWPlatform:: Unique name xilinx:::0.0
TRACE::2026-08-09.09:00:01::SCWPlatform::Trying to set the existing hwdb with name front_wrapper_6
TRACE::2026-08-09.09:00:01::SCWPlatform::Opened existing hwdb front_wrapper_6
TRACE::2026-08-09.09:00:01::SCWPlatform::Found the Hw Db part of the input DSA
TRACE::2026-08-09.09:00:01::SCWMssOS::Checking the sw design at  D:/projects/sdr200/Soft/Z7010/PS/front_ps/zynq_fsbl/zynq_fsbl_bsp/system.mss
TRACE::2026-08-09.09:00:01::SCWMssOS::DEBUG:  swdes dump  D:/projects/sdr200/Soft/Z7010/PS/front_ps/ps7_cortexa9_0/freertos10_xilinx_domain/bsp/system.mss|system_0||
D:/projects/sdr200/Soft/Z7010/PS/front_ps/zynq_fsbl/zynq_fsbl_bsp/system.mss|system||

TRACE::2026-08-09.09:00:01::SCWMssOS::Sw design exists and opened at  D:/projects/sdr200/Soft/Z7010/PS/front_ps/zynq_fsbl/zynq_fsbl_bsp/system.mss
TRACE::2026-08-09.09:00:01::SCWPlatform::Trying to open the hw design at D:/projects/sdr200/Soft/Z7010/PS/front_ps/hw/front_wrapper.xsa
TRACE::2026-08-09.09:00:01::SCWPlatform::DSA given D:/projects/sdr200/Soft/Z7010/PS/front_ps/hw/front_wrapper.xsa
TRACE::2026-08-09.09:00:01::SCWPlatform::DSA absoulate path D:/projects/sdr200/Soft/Z7010/PS/front_ps/hw/front_wrapper.xsa
TRACE::2026-08-09.09:00:01::SCWPlatform::DSA directory D:/projects/sdr200/Soft/Z7010/PS/front_ps/hw
TRACE::2026-08-09.09:00:01::SCWPlatform:: Platform Path D:/projects/sdr200/Soft/Z7010/PS/front_ps/hw/front_wrapper.xsa
TRACE::2026-08-09.09:00:01::SCWPlatform:: Unique name xilinx:::0.0
TRACE::2026-08-09.09:00:01::SCWPlatform::Trying to set the existing hwdb with name front_wrapper_6
TRACE::2026-08-09.09:00:01::SCWPlatform::Opened existing hwdb front_wrapper_6
TRACE::2026-08-09.09:00:01::SCWPlatform::Found the Hw Db part of the input DSA
TRACE::2026-08-09.09:00:01::SCWMssOS::Checking the sw design at  D:/projects/sdr200/Soft/Z7010/PS/front_ps/ps7_cortexa9_0/freertos10_xilinx_domain/bsp/system.mss
TRACE::2026-08-09.09:00:01::SCWMssOS::DEBUG:  swdes dump  D:/projects/sdr200/Soft/Z7010/PS/front_ps/ps7_cortexa9_0/freertos10_xilinx_domain/bsp/system.mss|system_0||
D:/projects/sdr200/Soft/Z7010/PS/front_ps/zynq_fsbl/zynq_fsbl_bsp/system.mss|system||

TRACE::2026-08-09.09:00:01::SCWMssOS::Sw design exists and opened at  D:/projects/sdr200/Soft/Z7010/PS/front_ps/ps7_cortexa9_0/freertos10_xilinx_domain/bsp/system.mss
TRACE::2026-08-09.09:00:01::SCWPlatform::Trying to open the hw design at D:/projects/sdr200/Soft/Z7010/PS/front_ps/hw/front_wrapper.xsa
TRACE::2026-08-09.09:00:01::SCWPlatform::DSA given D:/projects/sdr200/Soft/Z7010/PS/front_ps/hw/front_wrapper.xsa
TRACE::2026-08-09.09:00:01::SCWPlatform::DSA absoulate path D:/projects/sdr200/Soft/Z7010/PS/front_ps/hw/front_wrapper.xsa
TRACE::2026-08-09.09:00:01::SCWPlatform::DSA directory D:/projects/sdr200/Soft/Z7010/PS/front_ps/hw
TRACE::2026-08-09.09:00:01::SCWPlatform:: Platform Path D:/projects/sdr200/Soft/Z7010/PS/front_ps/hw/front_wrapper.xsa
TRACE::2026-08-09.09:00:01::SCWPlatform:: Unique name xilinx:::0.0
TRACE::2026-08-09.09:00:01::SCWPlatform::Trying to set the existing hwdb with name front_wrapper_6
TRACE::2026-08-09.09:00:01::SCWPlatform::Opened existing hwdb front_wrapper_6
TRACE::2026-08-09.09:00:01::SCWPlatform::Found the Hw Db part of the input DSA
TRACE::2026-08-09.09:00:01::SCWMssOS::Checking the sw design at  D:/projects/sdr200/Soft/Z7010/PS/front_ps/ps7_cortexa9_0/freertos10_xilinx_domain/bsp/system.mss
TRACE::2026-08-09.09:00:01::SCWMssOS::DEBUG:  swdes dump  D:/projects/sdr200/Soft/Z7010/PS/front_ps/ps7_cortexa9_0/freertos10_xilinx_domain/bsp/system.mss|system_0||
D:/projects/sdr200/Soft/Z7010/PS/front_ps/zynq_fsbl/zynq_fsbl_bsp/system.mss|system||

TRACE::2026-08-09.09:00:01::SCWMssOS::Sw design exists and opened at  D:/projects/sdr200/Soft/Z7010/PS/front_ps/ps7_cortexa9_0/freertos10_xilinx_domain/bsp/system.mss
TRACE::2026-08-09.09:00:01::SCWPlatform::Trying to open the hw design at D:/projects/sdr200/Soft/Z7010/PS/front_ps/hw/front_wrapper.xsa
TRACE::2026-08-09.09:00:01::SCWPlatform::DSA given D:/projects/sdr200/Soft/Z7010/PS/front_ps/hw/front_wrapper.xsa
TRACE::2026-08-09.09:00:01::SCWPlatform::DSA absoulate path D:/projects/sdr200/Soft/Z7010/PS/front_ps/hw/front_wrapper.xsa
TRACE::2026-08-09.09:00:01::SCWPlatform::DSA directory D:/projects/sdr200/Soft/Z7010/PS/front_ps/hw
TRACE::2026-08-09.09:00:01::SCWPlatform:: Platform Path D:/projects/sdr200/Soft/Z7010/PS/front_ps/hw/front_wrapper.xsa
TRACE::2026-08-09.09:00:01::SCWPlatform:: Unique name xilinx:::0.0
TRACE::2026-08-09.09:00:01::SCWPlatform::Trying to set the existing hwdb with name front_wrapper_6
TRACE::2026-08-09.09:00:01::SCWPlatform::Opened existing hwdb front_wrapper_6
TRACE::2026-08-09.09:00:01::SCWPlatform::Found the Hw Db part of the input DSA
TRACE::2026-08-09.09:00:01::SCWMssOS::Checking the sw design at  D:/projects/sdr200/Soft/Z7010/PS/front_ps/ps7_cortexa9_0/freertos10_xilinx_domain/bsp/system.mss
TRACE::2026-08-09.09:00:01::SCWMssOS::DEBUG:  swdes dump  D:/projects/sdr200/Soft/Z7010/PS/front_ps/ps7_cortexa9_0/freertos10_xilinx_domain/bsp/system.mss|system_0||
D:/projects/sdr200/Soft/Z7010/PS/front_ps/zynq_fsbl/zynq_fsbl_bsp/system.mss|system||

TRACE::2026-08-09.09:00:01::SCWMssOS::Sw design exists and opened at  D:/projects/sdr200/Soft/Z7010/PS/front_ps/ps7_cortexa9_0/freertos10_xilinx_domain/bsp/system.mss
TRACE::2026-08-09.09:00:01::SCWWriter::formatted JSON is {
	"platformName":	"front_ps",
	"sprVersion":	"2.0",
	"mode":	"gui",
	"dsaType":	"Fixed",
	"platformDesc":	"front_ps",
	"platHandOff":	"D:/projects/sdr200/Soft/Z7010/PL/front_wrapper.xsa",
	"platIntHandOff":	"<platformDir>/hw/front_wrapper.xsa",
	"deviceType":	"zynq",
	"platIsPrebuiltAutogen":	"false",
	"platIsNoBootBsp":	"false",
	"platFsblTarget":	"ps7_cortexa9_0",
	"hasFsblMakeHasChanges":	"false",
	"hasPmufwMakeHasChanges":	"false",
	"fsblExtraCompilerFlags":	"-MMD -MP       -mcpu=cortex-a9 -mfpu=vfpv3 -mfloat-abi=hard ",
	"platPreBuiltFlag":	false,
	"platformSamplesDir":	"",
	"platActiveSys":	"front_ps",
	"systems":	[{
			"systemName":	"front_ps",
			"systemDesc":	"front_ps",
			"sysIsBootAutoGen":	"true",
			"systemDispName":	"front_ps",
			"sysActiveDom":	"freertos10_xilinx_domain",
			"sysDefaultDom":	"freertos10_xilinx_domain",
			"domains":	[{
					"domainName":	"zynq_fsbl",
					"domainDispName":	"zynq_fsbl",
					"domainDesc":	"FSBL Application BSP - Auto Generated.",
					"processors":	"ps7_cortexa9_0",
					"os":	"standalone",
					"sdxOs":	"standalone",
					"debugEnable":	"",
					"domRuntimes":	["cpp"],
					"swRepo":	"",
					"mssOsVer":	"9.0",
					"mssFile":	"",
					"md5Digest":	"a9b6d6249b834789d5e5d0d09d85bae0",
					"compatibleApp":	"zynq_fsbl",
					"domType":	"bootDomain",
					"arch":	"32-bit",
					"appSettings":	{
						"appCompilerFlags":	"",
						"appLinkerFlags":	""
					},
					"addedLibs":	["xilffs:5.1", "xilrsa:1.7"],
					"libOptions":	{
						"libsContainingOptions":	[]
					},
					"prebuiltLibs":	{
						"prebuiltIncPath":	[],
						"prebuiltLibPath":	[]
					},
					"isolation":	{
					}
				}, {
					"domainName":	"freertos10_xilinx_domain",
					"domainDispName":	"freertos10_xilinx on ps7_cortexa9_0",
					"domainDesc":	"freertos10_xilinx_domain",
					"processors":	"ps7_cortexa9_0",
					"os":	"freertos10_xilinx",
					"sdxOs":	"freertos10_xilinx",
					"qemuArgs":	"<platformDir>/resources/front_ps/freertos10_xilinx_domain/qemu_args.txt",
					"qemuData":	"<platformDir>/resources/front_ps/freertos10_xilinx_domain/qemu",
					"debugEnable":	"False",
					"domRuntimes":	["cpp"],
					"swRepo":	"",
					"mssOsVer":	"1.14",
					"mssFile":	"",
					"md5Digest":	"df08ccfec57ff0ec939766b2cabee81c",
					"compatibleApp":	"",
					"domType":	"mssDomain",
					"appSettings":	{
						"appCompilerFlags":	"",
						"appLinkerFlags":	""
					},
					"addedLibs":	[],
					"libOptions":	{
						"libsContainingOptions":	[]
					},
					"prebuiltLibs":	{
						"prebuiltIncPath":	[],
						"prebuiltLibPath":	[]
					},
					"isolation":	{
					}
				}]
		}]
}
TRACE::2026-08-09.09:00:01::SCWPlatform::Clearing the existing platform
TRACE::2026-08-09.09:00:01::SCWSystem::Clearing the existing sysconfig
TRACE::2026-08-09.09:00:01::SCWBDomain::clearing the fsbl build
TRACE::2026-08-09.09:00:01::SCWMssOS::Removing the swdes entry for  D:/projects/sdr200/Soft/Z7010/PS/front_ps/zynq_fsbl/zynq_fsbl_bsp/system.mss
TRACE::2026-08-09.09:00:01::SCWMssOS::Removing the swdes entry for  D:/projects/sdr200/Soft/Z7010/PS/front_ps/ps7_cortexa9_0/freertos10_xilinx_domain/bsp/system.mss
TRACE::2026-08-09.09:00:01::SCWSystem::Clearing the domains completed.
TRACE::2026-08-09.09:00:01::SCWPlatform::Clearing the opened hw db.
TRACE::2026-08-09.09:00:01::SCWPlatform::DSA given D:/projects/sdr200/Soft/Z7010/PS/front_ps/hw/front_wrapper.xsa
TRACE::2026-08-09.09:00:01::SCWPlatform::DSA absoulate path D:/projects/sdr200/Soft/Z7010/PS/front_ps/hw/front_wrapper.xsa
TRACE::2026-08-09.09:00:01::SCWPlatform:: Platform location is D:/projects/sdr200/Soft/Z7010/PS/front_ps/hw
TRACE::2026-08-09.09:00:01::SCWPlatform:: Platform Path D:/projects/sdr200/Soft/Z7010/PS/front_ps/hw/front_wrapper.xsa
TRACE::2026-08-09.09:00:01::SCWPlatform:: Unique name xilinx:::0.0
TRACE::2026-08-09.09:00:01::SCWPlatform::Removing the HwDB with name D:/projects/sdr200/Soft/Z7010/PS/front_ps/hw/front_wrapper.xsa
TRACE::2026-08-09.09:00:01::SCWPlatform::Trying to open the hw design at D:/projects/sdr200/Soft/Z7010/PS/front_ps/hw/front_wrapper.xsa
TRACE::2026-08-09.09:00:01::SCWPlatform::DSA given D:/projects/sdr200/Soft/Z7010/PS/front_ps/hw/front_wrapper.xsa
TRACE::2026-08-09.09:00:01::SCWPlatform::DSA absoulate path D:/projects/sdr200/Soft/Z7010/PS/front_ps/hw/front_wrapper.xsa
TRACE::2026-08-09.09:00:01::SCWPlatform::DSA directory D:/projects/sdr200/Soft/Z7010/PS/front_ps/hw
TRACE::2026-08-09.09:00:01::SCWPlatform:: Platform Path D:/projects/sdr200/Soft/Z7010/PS/front_ps/hw/front_wrapper.xsa
TRACE::2026-08-09.09:00:01::SCWPlatform:: Unique name xilinx:::0.0
TRACE::2026-08-09.09:00:01::SCWPlatform::Do not have an existing db opened. 
TRACE::2026-08-09.09:00:02::SCWPlatform::Opened new HwDB with name front_wrapper_7
TRACE::2026-08-09.09:00:02::SCWReader::Active system found as  front_ps
TRACE::2026-08-09.09:00:02::SCWReader::Handling sysconfig front_ps
TRACE::2026-08-09.09:00:02::SCWDomain::checking for install qemu data   : 
TRACE::2026-08-09.09:00:02::SCWDomain:: Using the QEMU Data from install at  : C:/Xilinx/Vitis/2023.2/data/emulation/platforms/zynq/sw/a9_standalone/qemu/
TRACE::2026-08-09.09:00:02::SCWDomain:: Using the QEMU args  from install at  : C:/Xilinx/Vitis/2023.2/data/emulation/platforms/zynq/sw/a9_standalone/qemu/qemu_args.txt
TRACE::2026-08-09.09:00:02::SCWPlatform::Trying to open the hw design at D:/projects/sdr200/Soft/Z7010/PS/front_ps/hw/front_wrapper.xsa
TRACE::2026-08-09.09:00:02::SCWPlatform::DSA given D:/projects/sdr200/Soft/Z7010/PS/front_ps/hw/front_wrapper.xsa
TRACE::2026-08-09.09:00:02::SCWPlatform::DSA absoulate path D:/projects/sdr200/Soft/Z7010/PS/front_ps/hw/front_wrapper.xsa
TRACE::2026-08-09.09:00:02::SCWPlatform::DSA directory D:/projects/sdr200/Soft/Z7010/PS/front_ps/hw
TRACE::2026-08-09.09:00:02::SCWPlatform:: Platform Path D:/projects/sdr200/Soft/Z7010/PS/front_ps/hw/front_wrapper.xsa
TRACE::2026-08-09.09:00:02::SCWPlatform:: Unique name xilinx:::0.0
TRACE::2026-08-09.09:00:02::SCWPlatform::Trying to set the existing hwdb with name front_wrapper_7
TRACE::2026-08-09.09:00:02::SCWPlatform::Opened existing hwdb front_wrapper_7
TRACE::2026-08-09.09:00:02::SCWPlatform::Found the Hw Db part of the input DSA
TRACE::2026-08-09.09:00:02::SCWPlatform::Trying to open the hw design at D:/projects/sdr200/Soft/Z7010/PS/front_ps/hw/front_wrapper.xsa
TRACE::2026-08-09.09:00:02::SCWPlatform::DSA given D:/projects/sdr200/Soft/Z7010/PS/front_ps/hw/front_wrapper.xsa
TRACE::2026-08-09.09:00:02::SCWPlatform::DSA absoulate path D:/projects/sdr200/Soft/Z7010/PS/front_ps/hw/front_wrapper.xsa
TRACE::2026-08-09.09:00:02::SCWPlatform::DSA directory D:/projects/sdr200/Soft/Z7010/PS/front_ps/hw
TRACE::2026-08-09.09:00:02::SCWPlatform:: Platform Path D:/projects/sdr200/Soft/Z7010/PS/front_ps/hw/front_wrapper.xsa
TRACE::2026-08-09.09:00:02::SCWPlatform:: Unique name xilinx:::0.0
TRACE::2026-08-09.09:00:02::SCWPlatform::Trying to set the existing hwdb with name front_wrapper_7
TRACE::2026-08-09.09:00:02::SCWPlatform::Opened existing hwdb front_wrapper_7
TRACE::2026-08-09.09:00:02::SCWPlatform::Found the Hw Db part of the input DSA
TRACE::2026-08-09.09:00:02::SCWPlatform::Trying to open the hw design at D:/projects/sdr200/Soft/Z7010/PS/front_ps/hw/front_wrapper.xsa
TRACE::2026-08-09.09:00:02::SCWPlatform::DSA given D:/projects/sdr200/Soft/Z7010/PS/front_ps/hw/front_wrapper.xsa
TRACE::2026-08-09.09:00:02::SCWPlatform::DSA absoulate path D:/projects/sdr200/Soft/Z7010/PS/front_ps/hw/front_wrapper.xsa
TRACE::2026-08-09.09:00:02::SCWPlatform::DSA directory D:/projects/sdr200/Soft/Z7010/PS/front_ps/hw
TRACE::2026-08-09.09:00:02::SCWPlatform:: Platform Path D:/projects/sdr200/Soft/Z7010/PS/front_ps/hw/front_wrapper.xsa
TRACE::2026-08-09.09:00:02::SCWPlatform:: Unique name xilinx:::0.0
TRACE::2026-08-09.09:00:02::SCWPlatform::Trying to set the existing hwdb with name front_wrapper_7
TRACE::2026-08-09.09:00:02::SCWPlatform::Opened existing hwdb front_wrapper_7
TRACE::2026-08-09.09:00:02::SCWPlatform::Found the Hw Db part of the input DSA
TRACE::2026-08-09.09:00:02::SCWReader::Boot application domain added for zynq_fsbl
TRACE::2026-08-09.09:00:02::SCWPlatform::Trying to open the hw design at D:/projects/sdr200/Soft/Z7010/PS/front_ps/hw/front_wrapper.xsa
TRACE::2026-08-09.09:00:02::SCWPlatform::DSA given D:/projects/sdr200/Soft/Z7010/PS/front_ps/hw/front_wrapper.xsa
TRACE::2026-08-09.09:00:02::SCWPlatform::DSA absoulate path D:/projects/sdr200/Soft/Z7010/PS/front_ps/hw/front_wrapper.xsa
TRACE::2026-08-09.09:00:02::SCWPlatform::DSA directory D:/projects/sdr200/Soft/Z7010/PS/front_ps/hw
TRACE::2026-08-09.09:00:02::SCWPlatform:: Platform Path D:/projects/sdr200/Soft/Z7010/PS/front_ps/hw/front_wrapper.xsa
TRACE::2026-08-09.09:00:02::SCWPlatform:: Unique name xilinx:::0.0
TRACE::2026-08-09.09:00:02::SCWPlatform::Trying to set the existing hwdb with name front_wrapper_7
TRACE::2026-08-09.09:00:02::SCWPlatform::Opened existing hwdb front_wrapper_7
TRACE::2026-08-09.09:00:02::SCWPlatform::Found the Hw Db part of the input DSA
TRACE::2026-08-09.09:00:02::SCWMssOS::Checking the sw design at  D:/projects/sdr200/Soft/Z7010/PS/front_ps/zynq_fsbl/zynq_fsbl_bsp/system.mss
TRACE::2026-08-09.09:00:02::SCWMssOS::DEBUG:  swdes dump  
TRACE::2026-08-09.09:00:02::SCWMssOS::No sw design opened at  D:/projects/sdr200/Soft/Z7010/PS/front_ps/zynq_fsbl/zynq_fsbl_bsp/system.mss
TRACE::2026-08-09.09:00:02::SCWMssOS::mss exists loading the mss file  D:/projects/sdr200/Soft/Z7010/PS/front_ps/zynq_fsbl/zynq_fsbl_bsp/system.mss
TRACE::2026-08-09.09:00:02::SCWMssOS::Opened the sw design from mss  D:/projects/sdr200/Soft/Z7010/PS/front_ps/zynq_fsbl/zynq_fsbl_bsp/system.mss
TRACE::2026-08-09.09:00:02::SCWMssOS::Adding the swdes entry D:/projects/sdr200/Soft/Z7010/PS/front_ps/zynq_fsbl/zynq_fsbl_bsp/system.mss with des name system
TRACE::2026-08-09.09:00:02::SCWMssOS::updating the scw layer about changes
TRACE::2026-08-09.09:00:02::SCWMssOS::Opened the sw design.  D:/projects/sdr200/Soft/Z7010/PS/front_ps/zynq_fsbl/zynq_fsbl_bsp/system.mss
TRACE::2026-08-09.09:00:02::SCWPlatform::Trying to open the hw design at D:/projects/sdr200/Soft/Z7010/PS/front_ps/hw/front_wrapper.xsa
TRACE::2026-08-09.09:00:02::SCWPlatform::DSA given D:/projects/sdr200/Soft/Z7010/PS/front_ps/hw/front_wrapper.xsa
TRACE::2026-08-09.09:00:02::SCWPlatform::DSA absoulate path D:/projects/sdr200/Soft/Z7010/PS/front_ps/hw/front_wrapper.xsa
TRACE::2026-08-09.09:00:02::SCWPlatform::DSA directory D:/projects/sdr200/Soft/Z7010/PS/front_ps/hw
TRACE::2026-08-09.09:00:02::SCWPlatform:: Platform Path D:/projects/sdr200/Soft/Z7010/PS/front_ps/hw/front_wrapper.xsa
TRACE::2026-08-09.09:00:02::SCWPlatform:: Unique name xilinx:::0.0
TRACE::2026-08-09.09:00:02::SCWPlatform::Trying to set the existing hwdb with name front_wrapper_7
TRACE::2026-08-09.09:00:02::SCWPlatform::Opened existing hwdb front_wrapper_7
TRACE::2026-08-09.09:00:02::SCWPlatform::Found the Hw Db part of the input DSA
TRACE::2026-08-09.09:00:02::SCWMssOS::Checking the sw design at  D:/projects/sdr200/Soft/Z7010/PS/front_ps/zynq_fsbl/zynq_fsbl_bsp/system.mss
TRACE::2026-08-09.09:00:02::SCWMssOS::DEBUG:  swdes dump  D:/projects/sdr200/Soft/Z7010/PS/front_ps/zynq_fsbl/zynq_fsbl_bsp/system.mss|system||

TRACE::2026-08-09.09:00:02::SCWMssOS::Sw design exists and opened at  D:/projects/sdr200/Soft/Z7010/PS/front_ps/zynq_fsbl/zynq_fsbl_bsp/system.mss
TRACE::2026-08-09.09:00:02::SCWMssOS:: library already available in sw design:  xilffs:5.1
TRACE::2026-08-09.09:00:02::SCWPlatform::Trying to open the hw design at D:/projects/sdr200/Soft/Z7010/PS/front_ps/hw/front_wrapper.xsa
TRACE::2026-08-09.09:00:02::SCWPlatform::DSA given D:/projects/sdr200/Soft/Z7010/PS/front_ps/hw/front_wrapper.xsa
TRACE::2026-08-09.09:00:02::SCWPlatform::DSA absoulate path D:/projects/sdr200/Soft/Z7010/PS/front_ps/hw/front_wrapper.xsa
TRACE::2026-08-09.09:00:02::SCWPlatform::DSA directory D:/projects/sdr200/Soft/Z7010/PS/front_ps/hw
TRACE::2026-08-09.09:00:02::SCWPlatform:: Platform Path D:/projects/sdr200/Soft/Z7010/PS/front_ps/hw/front_wrapper.xsa
TRACE::2026-08-09.09:00:02::SCWPlatform:: Unique name xilinx:::0.0
TRACE::2026-08-09.09:00:02::SCWPlatform::Trying to set the existing hwdb with name front_wrapper_7
TRACE::2026-08-09.09:00:02::SCWPlatform::Opened existing hwdb front_wrapper_7
TRACE::2026-08-09.09:00:02::SCWPlatform::Found the Hw Db part of the input DSA
TRACE::2026-08-09.09:00:02::SCWMssOS::Checking the sw design at  D:/projects/sdr200/Soft/Z7010/PS/front_ps/zynq_fsbl/zynq_fsbl_bsp/system.mss
TRACE::2026-08-09.09:00:02::SCWMssOS::DEBUG:  swdes dump  D:/projects/sdr200/Soft/Z7010/PS/front_ps/zynq_fsbl/zynq_fsbl_bsp/system.mss|system||

TRACE::2026-08-09.09:00:02::SCWMssOS::Sw design exists and opened at  D:/projects/sdr200/Soft/Z7010/PS/front_ps/zynq_fsbl/zynq_fsbl_bsp/system.mss
TRACE::2026-08-09.09:00:02::SCWMssOS:: library already available in sw design:  xilrsa:1.7
TRACE::2026-08-09.09:00:02::SCWMssOS::Saving the mss changes D:/projects/sdr200/Soft/Z7010/PS/front_ps/zynq_fsbl/zynq_fsbl_bsp/system.mss
TRACE::2026-08-09.09:00:02::SCWMssOS::Found a swdesign opened with the mssfile.
TRACE::2026-08-09.09:00:02::SCWMssOS::Completed writemss as part of save.
TRACE::2026-08-09.09:00:02::SCWMssOS::Commit changes completed.
TRACE::2026-08-09.09:00:02::SCWReader::Adding prebuilt librarypaths as   
TRACE::2026-08-09.09:00:02::SCWReader::Adding prebuilt incpaths  as   
TRACE::2026-08-09.09:00:02::SCWPlatform::Trying to open the hw design at D:/projects/sdr200/Soft/Z7010/PS/front_ps/hw/front_wrapper.xsa
TRACE::2026-08-09.09:00:02::SCWPlatform::DSA given D:/projects/sdr200/Soft/Z7010/PS/front_ps/hw/front_wrapper.xsa
TRACE::2026-08-09.09:00:02::SCWPlatform::DSA absoulate path D:/projects/sdr200/Soft/Z7010/PS/front_ps/hw/front_wrapper.xsa
TRACE::2026-08-09.09:00:02::SCWPlatform::DSA directory D:/projects/sdr200/Soft/Z7010/PS/front_ps/hw
TRACE::2026-08-09.09:00:02::SCWPlatform:: Platform Path D:/projects/sdr200/Soft/Z7010/PS/front_ps/hw/front_wrapper.xsa
TRACE::2026-08-09.09:00:02::SCWPlatform:: Unique name xilinx:::0.0
TRACE::2026-08-09.09:00:02::SCWPlatform::Trying to set the existing hwdb with name front_wrapper_7
TRACE::2026-08-09.09:00:02::SCWPlatform::Opened existing hwdb front_wrapper_7
TRACE::2026-08-09.09:00:02::SCWPlatform::Found the Hw Db part of the input DSA
TRACE::2026-08-09.09:00:02::SCWMssOS::Checking the sw design at  D:/projects/sdr200/Soft/Z7010/PS/front_ps/zynq_fsbl/zynq_fsbl_bsp/system.mss
TRACE::2026-08-09.09:00:02::SCWMssOS::DEBUG:  swdes dump  D:/projects/sdr200/Soft/Z7010/PS/front_ps/zynq_fsbl/zynq_fsbl_bsp/system.mss|system||

TRACE::2026-08-09.09:00:02::SCWMssOS::Sw design exists and opened at  D:/projects/sdr200/Soft/Z7010/PS/front_ps/zynq_fsbl/zynq_fsbl_bsp/system.mss
TRACE::2026-08-09.09:00:02::SCWReader::No isolation master present  
TRACE::2026-08-09.09:00:02::SCWDomain::checking for install qemu data   : 
TRACE::2026-08-09.09:00:02::SCWDomain:: Using the QEMU Data from install at  : C:/Xilinx/Vitis/2023.2/data/emulation/platforms/zynq/sw/a9_standalone/qemu/
TRACE::2026-08-09.09:00:02::SCWDomain:: Using the QEMU args  from install at  : C:/Xilinx/Vitis/2023.2/data/emulation/platforms/zynq/sw/a9_standalone/qemu/qemu_args.txt
TRACE::2026-08-09.09:00:02::SCWPlatform::Trying to open the hw design at D:/projects/sdr200/Soft/Z7010/PS/front_ps/hw/front_wrapper.xsa
TRACE::2026-08-09.09:00:02::SCWPlatform::DSA given D:/projects/sdr200/Soft/Z7010/PS/front_ps/hw/front_wrapper.xsa
TRACE::2026-08-09.09:00:02::SCWPlatform::DSA absoulate path D:/projects/sdr200/Soft/Z7010/PS/front_ps/hw/front_wrapper.xsa
TRACE::2026-08-09.09:00:02::SCWPlatform::DSA directory D:/projects/sdr200/Soft/Z7010/PS/front_ps/hw
TRACE::2026-08-09.09:00:02::SCWPlatform:: Platform Path D:/projects/sdr200/Soft/Z7010/PS/front_ps/hw/front_wrapper.xsa
TRACE::2026-08-09.09:00:02::SCWPlatform:: Unique name xilinx:::0.0
TRACE::2026-08-09.09:00:02::SCWPlatform::Trying to set the existing hwdb with name front_wrapper_7
TRACE::2026-08-09.09:00:02::SCWPlatform::Opened existing hwdb front_wrapper_7
TRACE::2026-08-09.09:00:02::SCWPlatform::Found the Hw Db part of the input DSA
TRACE::2026-08-09.09:00:02::SCWPlatform::Trying to open the hw design at D:/projects/sdr200/Soft/Z7010/PS/front_ps/hw/front_wrapper.xsa
TRACE::2026-08-09.09:00:02::SCWPlatform::DSA given D:/projects/sdr200/Soft/Z7010/PS/front_ps/hw/front_wrapper.xsa
TRACE::2026-08-09.09:00:02::SCWPlatform::DSA absoulate path D:/projects/sdr200/Soft/Z7010/PS/front_ps/hw/front_wrapper.xsa
TRACE::2026-08-09.09:00:02::SCWPlatform::DSA directory D:/projects/sdr200/Soft/Z7010/PS/front_ps/hw
TRACE::2026-08-09.09:00:02::SCWPlatform:: Platform Path D:/projects/sdr200/Soft/Z7010/PS/front_ps/hw/front_wrapper.xsa
TRACE::2026-08-09.09:00:02::SCWPlatform:: Unique name xilinx:::0.0
TRACE::2026-08-09.09:00:02::SCWPlatform::Trying to set the existing hwdb with name front_wrapper_7
TRACE::2026-08-09.09:00:02::SCWPlatform::Opened existing hwdb front_wrapper_7
TRACE::2026-08-09.09:00:02::SCWPlatform::Found the Hw Db part of the input DSA
TRACE::2026-08-09.09:00:02::SCWPlatform::Trying to open the hw design at D:/projects/sdr200/Soft/Z7010/PS/front_ps/hw/front_wrapper.xsa
TRACE::2026-08-09.09:00:02::SCWPlatform::DSA given D:/projects/sdr200/Soft/Z7010/PS/front_ps/hw/front_wrapper.xsa
TRACE::2026-08-09.09:00:02::SCWPlatform::DSA absoulate path D:/projects/sdr200/Soft/Z7010/PS/front_ps/hw/front_wrapper.xsa
TRACE::2026-08-09.09:00:02::SCWPlatform::DSA directory D:/projects/sdr200/Soft/Z7010/PS/front_ps/hw
TRACE::2026-08-09.09:00:02::SCWPlatform:: Platform Path D:/projects/sdr200/Soft/Z7010/PS/front_ps/hw/front_wrapper.xsa
TRACE::2026-08-09.09:00:02::SCWPlatform:: Unique name xilinx:::0.0
TRACE::2026-08-09.09:00:02::SCWPlatform::Trying to set the existing hwdb with name front_wrapper_7
TRACE::2026-08-09.09:00:02::SCWPlatform::Opened existing hwdb front_wrapper_7
TRACE::2026-08-09.09:00:02::SCWPlatform::Found the Hw Db part of the input DSA
TRACE::2026-08-09.09:00:02::SCWMssOS::Checking the sw design at  D:/projects/sdr200/Soft/Z7010/PS/front_ps/ps7_cortexa9_0/freertos10_xilinx_domain/bsp/system.mss
TRACE::2026-08-09.09:00:02::SCWMssOS::DEBUG:  swdes dump  D:/projects/sdr200/Soft/Z7010/PS/front_ps/zynq_fsbl/zynq_fsbl_bsp/system.mss|system||

TRACE::2026-08-09.09:00:02::SCWMssOS::No sw design opened at  D:/projects/sdr200/Soft/Z7010/PS/front_ps/ps7_cortexa9_0/freertos10_xilinx_domain/bsp/system.mss
TRACE::2026-08-09.09:00:02::SCWMssOS::mss exists loading the mss file  D:/projects/sdr200/Soft/Z7010/PS/front_ps/ps7_cortexa9_0/freertos10_xilinx_domain/bsp/system.mss
TRACE::2026-08-09.09:00:02::SCWMssOS::Opened the sw design from mss  D:/projects/sdr200/Soft/Z7010/PS/front_ps/ps7_cortexa9_0/freertos10_xilinx_domain/bsp/system.mss
TRACE::2026-08-09.09:00:02::SCWMssOS::Adding the swdes entry D:/projects/sdr200/Soft/Z7010/PS/front_ps/ps7_cortexa9_0/freertos10_xilinx_domain/bsp/system.mss with des name system_0
TRACE::2026-08-09.09:00:02::SCWMssOS::updating the scw layer about changes
TRACE::2026-08-09.09:00:02::SCWMssOS::Opened the sw design.  D:/projects/sdr200/Soft/Z7010/PS/front_ps/ps7_cortexa9_0/freertos10_xilinx_domain/bsp/system.mss
TRACE::2026-08-09.09:00:02::SCWMssOS::Saving the mss changes D:/projects/sdr200/Soft/Z7010/PS/front_ps/ps7_cortexa9_0/freertos10_xilinx_domain/bsp/system.mss
TRACE::2026-08-09.09:00:02::SCWMssOS::Found a swdesign opened with the mssfile.
TRACE::2026-08-09.09:00:02::SCWMssOS::Completed writemss as part of save.
TRACE::2026-08-09.09:00:02::SCWMssOS::Commit changes completed.
TRACE::2026-08-09.09:00:02::SCWReader::Adding prebuilt librarypaths as   
TRACE::2026-08-09.09:00:02::SCWReader::Adding prebuilt incpaths  as   
TRACE::2026-08-09.09:00:02::SCWPlatform::Trying to open the hw design at D:/projects/sdr200/Soft/Z7010/PS/front_ps/hw/front_wrapper.xsa
TRACE::2026-08-09.09:00:02::SCWPlatform::DSA given D:/projects/sdr200/Soft/Z7010/PS/front_ps/hw/front_wrapper.xsa
TRACE::2026-08-09.09:00:02::SCWPlatform::DSA absoulate path D:/projects/sdr200/Soft/Z7010/PS/front_ps/hw/front_wrapper.xsa
TRACE::2026-08-09.09:00:02::SCWPlatform::DSA directory D:/projects/sdr200/Soft/Z7010/PS/front_ps/hw
TRACE::2026-08-09.09:00:02::SCWPlatform:: Platform Path D:/projects/sdr200/Soft/Z7010/PS/front_ps/hw/front_wrapper.xsa
TRACE::2026-08-09.09:00:02::SCWPlatform:: Unique name xilinx:::0.0
TRACE::2026-08-09.09:00:02::SCWPlatform::Trying to set the existing hwdb with name front_wrapper_7
TRACE::2026-08-09.09:00:02::SCWPlatform::Opened existing hwdb front_wrapper_7
TRACE::2026-08-09.09:00:02::SCWPlatform::Found the Hw Db part of the input DSA
TRACE::2026-08-09.09:00:02::SCWMssOS::Checking the sw design at  D:/projects/sdr200/Soft/Z7010/PS/front_ps/ps7_cortexa9_0/freertos10_xilinx_domain/bsp/system.mss
TRACE::2026-08-09.09:00:02::SCWMssOS::DEBUG:  swdes dump  D:/projects/sdr200/Soft/Z7010/PS/front_ps/ps7_cortexa9_0/freertos10_xilinx_domain/bsp/system.mss|system_0||
D:/projects/sdr200/Soft/Z7010/PS/front_ps/zynq_fsbl/zynq_fsbl_bsp/system.mss|system||

TRACE::2026-08-09.09:00:02::SCWMssOS::Sw design exists and opened at  D:/projects/sdr200/Soft/Z7010/PS/front_ps/ps7_cortexa9_0/freertos10_xilinx_domain/bsp/system.mss
TRACE::2026-08-09.09:00:02::SCWReader::No isolation master present  
TRACE::2026-08-09.09:00:06::SCWPlatform::Trying to open the hw design at D:/projects/sdr200/Soft/Z7010/PS/front_ps/hw/front_wrapper.xsa
TRACE::2026-08-09.09:00:06::SCWPlatform::DSA given D:/projects/sdr200/Soft/Z7010/PS/front_ps/hw/front_wrapper.xsa
TRACE::2026-08-09.09:00:06::SCWPlatform::DSA absoulate path D:/projects/sdr200/Soft/Z7010/PS/front_ps/hw/front_wrapper.xsa
TRACE::2026-08-09.09:00:06::SCWPlatform::DSA directory D:/projects/sdr200/Soft/Z7010/PS/front_ps/hw
TRACE::2026-08-09.09:00:06::SCWPlatform:: Platform Path D:/projects/sdr200/Soft/Z7010/PS/front_ps/hw/front_wrapper.xsa
TRACE::2026-08-09.09:00:06::SCWPlatform:: Unique name xilinx:::0.0
TRACE::2026-08-09.09:00:06::SCWPlatform::Trying to set the existing hwdb with name front_wrapper_7
TRACE::2026-08-09.09:00:06::SCWPlatform::Opened existing hwdb front_wrapper_7
TRACE::2026-08-09.09:00:06::SCWPlatform::Found the Hw Db part of the input DSA
TRACE::2026-08-09.09:00:06::SCWMssOS::Checking the sw design at  D:/projects/sdr200/Soft/Z7010/PS/front_ps/zynq_fsbl/zynq_fsbl_bsp/system.mss
TRACE::2026-08-09.09:00:06::SCWMssOS::DEBUG:  swdes dump  D:/projects/sdr200/Soft/Z7010/PS/front_ps/ps7_cortexa9_0/freertos10_xilinx_domain/bsp/system.mss|system_0||
D:/projects/sdr200/Soft/Z7010/PS/front_ps/zynq_fsbl/zynq_fsbl_bsp/system.mss|system||

TRACE::2026-08-09.09:00:06::SCWMssOS::Sw design exists and opened at  D:/projects/sdr200/Soft/Z7010/PS/front_ps/zynq_fsbl/zynq_fsbl_bsp/system.mss
TRACE::2026-08-09.09:00:06::SCWMssOS::In reload Mss file.
TRACE::2026-08-09.09:00:06::SCWPlatform::Trying to open the hw design at D:/projects/sdr200/Soft/Z7010/PS/front_ps/hw/front_wrapper.xsa
TRACE::2026-08-09.09:00:06::SCWPlatform::DSA given D:/projects/sdr200/Soft/Z7010/PS/front_ps/hw/front_wrapper.xsa
TRACE::2026-08-09.09:00:06::SCWPlatform::DSA absoulate path D:/projects/sdr200/Soft/Z7010/PS/front_ps/hw/front_wrapper.xsa
TRACE::2026-08-09.09:00:06::SCWPlatform::DSA directory D:/projects/sdr200/Soft/Z7010/PS/front_ps/hw
TRACE::2026-08-09.09:00:06::SCWPlatform:: Platform Path D:/projects/sdr200/Soft/Z7010/PS/front_ps/hw/front_wrapper.xsa
TRACE::2026-08-09.09:00:06::SCWPlatform:: Unique name xilinx:::0.0
TRACE::2026-08-09.09:00:06::SCWPlatform::Trying to set the existing hwdb with name front_wrapper_7
TRACE::2026-08-09.09:00:06::SCWPlatform::Opened existing hwdb front_wrapper_7
TRACE::2026-08-09.09:00:06::SCWPlatform::Found the Hw Db part of the input DSA
TRACE::2026-08-09.09:00:06::SCWMssOS::Checking the sw design at  D:/projects/sdr200/Soft/Z7010/PS/front_ps/zynq_fsbl/zynq_fsbl_bsp/system.mss
TRACE::2026-08-09.09:00:06::SCWMssOS::DEBUG:  swdes dump  D:/projects/sdr200/Soft/Z7010/PS/front_ps/ps7_cortexa9_0/freertos10_xilinx_domain/bsp/system.mss|system_0||

TRACE::2026-08-09.09:00:06::SCWMssOS::No sw design opened at  D:/projects/sdr200/Soft/Z7010/PS/front_ps/zynq_fsbl/zynq_fsbl_bsp/system.mss
TRACE::2026-08-09.09:00:06::SCWMssOS::mss exists loading the mss file  D:/projects/sdr200/Soft/Z7010/PS/front_ps/zynq_fsbl/zynq_fsbl_bsp/system.mss
TRACE::2026-08-09.09:00:06::SCWMssOS::Opened the sw design from mss  D:/projects/sdr200/Soft/Z7010/PS/front_ps/zynq_fsbl/zynq_fsbl_bsp/system.mss
TRACE::2026-08-09.09:00:06::SCWMssOS::Adding the swdes entry D:/projects/sdr200/Soft/Z7010/PS/front_ps/zynq_fsbl/zynq_fsbl_bsp/system.mss with des name system
TRACE::2026-08-09.09:00:06::SCWMssOS::updating the scw layer about changes
TRACE::2026-08-09.09:00:06::SCWMssOS::Opened the sw design.  D:/projects/sdr200/Soft/Z7010/PS/front_ps/zynq_fsbl/zynq_fsbl_bsp/system.mss
TRACE::2026-08-09.09:00:06::SCWPlatform::Trying to open the hw design at D:/projects/sdr200/Soft/Z7010/PS/front_ps/hw/front_wrapper.xsa
TRACE::2026-08-09.09:00:06::SCWPlatform::DSA given D:/projects/sdr200/Soft/Z7010/PS/front_ps/hw/front_wrapper.xsa
TRACE::2026-08-09.09:00:06::SCWPlatform::DSA absoulate path D:/projects/sdr200/Soft/Z7010/PS/front_ps/hw/front_wrapper.xsa
TRACE::2026-08-09.09:00:06::SCWPlatform::DSA directory D:/projects/sdr200/Soft/Z7010/PS/front_ps/hw
TRACE::2026-08-09.09:00:06::SCWPlatform:: Platform Path D:/projects/sdr200/Soft/Z7010/PS/front_ps/hw/front_wrapper.xsa
TRACE::2026-08-09.09:00:06::SCWPlatform:: Unique name xilinx:::0.0
TRACE::2026-08-09.09:00:06::SCWPlatform::Trying to set the existing hwdb with name front_wrapper_7
TRACE::2026-08-09.09:00:06::SCWPlatform::Opened existing hwdb front_wrapper_7
TRACE::2026-08-09.09:00:06::SCWPlatform::Found the Hw Db part of the input DSA
TRACE::2026-08-09.09:00:06::SCWMssOS::Checking the sw design at  D:/projects/sdr200/Soft/Z7010/PS/front_ps/zynq_fsbl/zynq_fsbl_bsp/system.mss
TRACE::2026-08-09.09:00:06::SCWMssOS::DEBUG:  swdes dump  D:/projects/sdr200/Soft/Z7010/PS/front_ps/ps7_cortexa9_0/freertos10_xilinx_domain/bsp/system.mss|system_0||
D:/projects/sdr200/Soft/Z7010/PS/front_ps/zynq_fsbl/zynq_fsbl_bsp/system.mss|system||

TRACE::2026-08-09.09:00:06::SCWMssOS::Sw design exists and opened at  D:/projects/sdr200/Soft/Z7010/PS/front_ps/zynq_fsbl/zynq_fsbl_bsp/system.mss
TRACE::2026-08-09.09:00:06::SCWMssOS:: library already available in sw design:  xilffs:5.1
TRACE::2026-08-09.09:00:06::SCWPlatform::Trying to open the hw design at D:/projects/sdr200/Soft/Z7010/PS/front_ps/hw/front_wrapper.xsa
TRACE::2026-08-09.09:00:06::SCWPlatform::DSA given D:/projects/sdr200/Soft/Z7010/PS/front_ps/hw/front_wrapper.xsa
TRACE::2026-08-09.09:00:06::SCWPlatform::DSA absoulate path D:/projects/sdr200/Soft/Z7010/PS/front_ps/hw/front_wrapper.xsa
TRACE::2026-08-09.09:00:06::SCWPlatform::DSA directory D:/projects/sdr200/Soft/Z7010/PS/front_ps/hw
TRACE::2026-08-09.09:00:06::SCWPlatform:: Platform Path D:/projects/sdr200/Soft/Z7010/PS/front_ps/hw/front_wrapper.xsa
TRACE::2026-08-09.09:00:06::SCWPlatform:: Unique name xilinx:::0.0
TRACE::2026-08-09.09:00:06::SCWPlatform::Trying to set the existing hwdb with name front_wrapper_7
TRACE::2026-08-09.09:00:06::SCWPlatform::Opened existing hwdb front_wrapper_7
TRACE::2026-08-09.09:00:06::SCWPlatform::Found the Hw Db part of the input DSA
TRACE::2026-08-09.09:00:06::SCWMssOS::Checking the sw design at  D:/projects/sdr200/Soft/Z7010/PS/front_ps/zynq_fsbl/zynq_fsbl_bsp/system.mss
TRACE::2026-08-09.09:00:06::SCWMssOS::DEBUG:  swdes dump  D:/projects/sdr200/Soft/Z7010/PS/front_ps/ps7_cortexa9_0/freertos10_xilinx_domain/bsp/system.mss|system_0||
D:/projects/sdr200/Soft/Z7010/PS/front_ps/zynq_fsbl/zynq_fsbl_bsp/system.mss|system||

TRACE::2026-08-09.09:00:06::SCWMssOS::Sw design exists and opened at  D:/projects/sdr200/Soft/Z7010/PS/front_ps/zynq_fsbl/zynq_fsbl_bsp/system.mss
TRACE::2026-08-09.09:00:06::SCWMssOS:: library already available in sw design:  xilrsa:1.7
TRACE::2026-08-09.09:00:06::SCWMssOS::Saving the mss changes D:/projects/sdr200/Soft/Z7010/PS/front_ps/zynq_fsbl/zynq_fsbl_bsp/system.mss
TRACE::2026-08-09.09:00:06::SCWMssOS::Found a swdesign opened with the mssfile.
TRACE::2026-08-09.09:00:06::SCWMssOS::Completed writemss as part of save.
TRACE::2026-08-09.09:00:06::SCWMssOS::Commit changes completed.
TRACE::2026-08-09.09:00:06::SCWPlatform::Trying to open the hw design at D:/projects/sdr200/Soft/Z7010/PS/front_ps/hw/front_wrapper.xsa
TRACE::2026-08-09.09:00:06::SCWPlatform::DSA given D:/projects/sdr200/Soft/Z7010/PS/front_ps/hw/front_wrapper.xsa
TRACE::2026-08-09.09:00:06::SCWPlatform::DSA absoulate path D:/projects/sdr200/Soft/Z7010/PS/front_ps/hw/front_wrapper.xsa
TRACE::2026-08-09.09:00:06::SCWPlatform::DSA directory D:/projects/sdr200/Soft/Z7010/PS/front_ps/hw
TRACE::2026-08-09.09:00:06::SCWPlatform:: Platform Path D:/projects/sdr200/Soft/Z7010/PS/front_ps/hw/front_wrapper.xsa
TRACE::2026-08-09.09:00:06::SCWPlatform:: Unique name xilinx:::0.0
TRACE::2026-08-09.09:00:06::SCWPlatform::Trying to set the existing hwdb with name front_wrapper_7
TRACE::2026-08-09.09:00:06::SCWPlatform::Opened existing hwdb front_wrapper_7
TRACE::2026-08-09.09:00:06::SCWPlatform::Found the Hw Db part of the input DSA
TRACE::2026-08-09.09:00:06::SCWMssOS::Checking the sw design at  D:/projects/sdr200/Soft/Z7010/PS/front_ps/zynq_fsbl/zynq_fsbl_bsp/system.mss
TRACE::2026-08-09.09:00:06::SCWMssOS::DEBUG:  swdes dump  D:/projects/sdr200/Soft/Z7010/PS/front_ps/ps7_cortexa9_0/freertos10_xilinx_domain/bsp/system.mss|system_0||
D:/projects/sdr200/Soft/Z7010/PS/front_ps/zynq_fsbl/zynq_fsbl_bsp/system.mss|system||

TRACE::2026-08-09.09:00:06::SCWMssOS::Sw design exists and opened at  D:/projects/sdr200/Soft/Z7010/PS/front_ps/zynq_fsbl/zynq_fsbl_bsp/system.mss
TRACE::2026-08-09.09:00:06::SCWMssOS::Removing the swdes entry for  D:/projects/sdr200/Soft/Z7010/PS/front_ps/zynq_fsbl/zynq_fsbl_bsp/system.mss
TRACE::2026-08-09.09:00:07::SCWPlatform::Trying to open the hw design at D:/projects/sdr200/Soft/Z7010/PS/front_ps/hw/front_wrapper.xsa
TRACE::2026-08-09.09:00:07::SCWPlatform::DSA given D:/projects/sdr200/Soft/Z7010/PS/front_ps/hw/front_wrapper.xsa
TRACE::2026-08-09.09:00:07::SCWPlatform::DSA absoulate path D:/projects/sdr200/Soft/Z7010/PS/front_ps/hw/front_wrapper.xsa
TRACE::2026-08-09.09:00:07::SCWPlatform::DSA directory D:/projects/sdr200/Soft/Z7010/PS/front_ps/hw
TRACE::2026-08-09.09:00:07::SCWPlatform:: Platform Path D:/projects/sdr200/Soft/Z7010/PS/front_ps/hw/front_wrapper.xsa
TRACE::2026-08-09.09:00:07::SCWPlatform:: Unique name xilinx:::0.0
TRACE::2026-08-09.09:00:07::SCWPlatform::Trying to set the existing hwdb with name front_wrapper_7
TRACE::2026-08-09.09:00:07::SCWPlatform::Opened existing hwdb front_wrapper_7
TRACE::2026-08-09.09:00:07::SCWPlatform::Found the Hw Db part of the input DSA
TRACE::2026-08-09.09:00:07::SCWMssOS::Checking the sw design at  D:/projects/sdr200/Soft/Z7010/PS/front_ps/ps7_cortexa9_0/freertos10_xilinx_domain/bsp/system.mss
TRACE::2026-08-09.09:00:07::SCWMssOS::DEBUG:  swdes dump  D:/projects/sdr200/Soft/Z7010/PS/front_ps/ps7_cortexa9_0/freertos10_xilinx_domain/bsp/system.mss|system_0||

TRACE::2026-08-09.09:00:07::SCWMssOS::Sw design exists and opened at  D:/projects/sdr200/Soft/Z7010/PS/front_ps/ps7_cortexa9_0/freertos10_xilinx_domain/bsp/system.mss
TRACE::2026-08-09.09:00:07::SCWMssOS::In reload Mss file.
TRACE::2026-08-09.09:00:07::SCWPlatform::Trying to open the hw design at D:/projects/sdr200/Soft/Z7010/PS/front_ps/hw/front_wrapper.xsa
TRACE::2026-08-09.09:00:07::SCWPlatform::DSA given D:/projects/sdr200/Soft/Z7010/PS/front_ps/hw/front_wrapper.xsa
TRACE::2026-08-09.09:00:07::SCWPlatform::DSA absoulate path D:/projects/sdr200/Soft/Z7010/PS/front_ps/hw/front_wrapper.xsa
TRACE::2026-08-09.09:00:07::SCWPlatform::DSA directory D:/projects/sdr200/Soft/Z7010/PS/front_ps/hw
TRACE::2026-08-09.09:00:07::SCWPlatform:: Platform Path D:/projects/sdr200/Soft/Z7010/PS/front_ps/hw/front_wrapper.xsa
TRACE::2026-08-09.09:00:07::SCWPlatform:: Unique name xilinx:::0.0
TRACE::2026-08-09.09:00:07::SCWPlatform::Trying to set the existing hwdb with name front_wrapper_7
TRACE::2026-08-09.09:00:07::SCWPlatform::Opened existing hwdb front_wrapper_7
TRACE::2026-08-09.09:00:07::SCWPlatform::Found the Hw Db part of the input DSA
TRACE::2026-08-09.09:00:07::SCWMssOS::Checking the sw design at  D:/projects/sdr200/Soft/Z7010/PS/front_ps/ps7_cortexa9_0/freertos10_xilinx_domain/bsp/system.mss
TRACE::2026-08-09.09:00:07::SCWMssOS::DEBUG:  swdes dump  
TRACE::2026-08-09.09:00:07::SCWMssOS::No sw design opened at  D:/projects/sdr200/Soft/Z7010/PS/front_ps/ps7_cortexa9_0/freertos10_xilinx_domain/bsp/system.mss
TRACE::2026-08-09.09:00:07::SCWMssOS::mss exists loading the mss file  D:/projects/sdr200/Soft/Z7010/PS/front_ps/ps7_cortexa9_0/freertos10_xilinx_domain/bsp/system.mss
TRACE::2026-08-09.09:00:07::SCWMssOS::Opened the sw design from mss  D:/projects/sdr200/Soft/Z7010/PS/front_ps/ps7_cortexa9_0/freertos10_xilinx_domain/bsp/system.mss
TRACE::2026-08-09.09:00:07::SCWMssOS::Adding the swdes entry D:/projects/sdr200/Soft/Z7010/PS/front_ps/ps7_cortexa9_0/freertos10_xilinx_domain/bsp/system.mss with des name system
TRACE::2026-08-09.09:00:07::SCWMssOS::updating the scw layer about changes
TRACE::2026-08-09.09:00:07::SCWMssOS::Opened the sw design.  D:/projects/sdr200/Soft/Z7010/PS/front_ps/ps7_cortexa9_0/freertos10_xilinx_domain/bsp/system.mss
TRACE::2026-08-09.09:00:07::SCWMssOS::Saving the mss changes D:/projects/sdr200/Soft/Z7010/PS/front_ps/ps7_cortexa9_0/freertos10_xilinx_domain/bsp/system.mss
TRACE::2026-08-09.09:00:07::SCWMssOS::Found a swdesign opened with the mssfile.
TRACE::2026-08-09.09:00:07::SCWMssOS::Completed writemss as part of save.
TRACE::2026-08-09.09:00:07::SCWMssOS::Commit changes completed.
TRACE::2026-08-09.09:00:07::SCWPlatform::Trying to open the hw design at D:/projects/sdr200/Soft/Z7010/PS/front_ps/hw/front_wrapper.xsa
TRACE::2026-08-09.09:00:07::SCWPlatform::DSA given D:/projects/sdr200/Soft/Z7010/PS/front_ps/hw/front_wrapper.xsa
TRACE::2026-08-09.09:00:07::SCWPlatform::DSA absoulate path D:/projects/sdr200/Soft/Z7010/PS/front_ps/hw/front_wrapper.xsa
TRACE::2026-08-09.09:00:07::SCWPlatform::DSA directory D:/projects/sdr200/Soft/Z7010/PS/front_ps/hw
TRACE::2026-08-09.09:00:07::SCWPlatform:: Platform Path D:/projects/sdr200/Soft/Z7010/PS/front_ps/hw/front_wrapper.xsa
TRACE::2026-08-09.09:00:07::SCWPlatform:: Unique name xilinx:::0.0
TRACE::2026-08-09.09:00:07::SCWPlatform::Trying to set the existing hwdb with name front_wrapper_7
TRACE::2026-08-09.09:00:07::SCWPlatform::Opened existing hwdb front_wrapper_7
TRACE::2026-08-09.09:00:07::SCWPlatform::Found the Hw Db part of the input DSA
TRACE::2026-08-09.09:00:07::SCWMssOS::Checking the sw design at  D:/projects/sdr200/Soft/Z7010/PS/front_ps/ps7_cortexa9_0/freertos10_xilinx_domain/bsp/system.mss
TRACE::2026-08-09.09:00:07::SCWMssOS::DEBUG:  swdes dump  D:/projects/sdr200/Soft/Z7010/PS/front_ps/ps7_cortexa9_0/freertos10_xilinx_domain/bsp/system.mss|system||

TRACE::2026-08-09.09:00:07::SCWMssOS::Sw design exists and opened at  D:/projects/sdr200/Soft/Z7010/PS/front_ps/ps7_cortexa9_0/freertos10_xilinx_domain/bsp/system.mss
TRACE::2026-08-09.09:00:07::SCWMssOS::Removing the swdes entry for  D:/projects/sdr200/Soft/Z7010/PS/front_ps/ps7_cortexa9_0/freertos10_xilinx_domain/bsp/system.mss
TRACE::2026-08-09.09:00:10::SCWPlatform::Trying to open the hw design at D:/projects/sdr200/Soft/Z7010/PS/front_ps/hw/front_wrapper.xsa
TRACE::2026-08-09.09:00:10::SCWPlatform::DSA given D:/projects/sdr200/Soft/Z7010/PS/front_ps/hw/front_wrapper.xsa
TRACE::2026-08-09.09:00:10::SCWPlatform::DSA absoulate path D:/projects/sdr200/Soft/Z7010/PS/front_ps/hw/front_wrapper.xsa
TRACE::2026-08-09.09:00:10::SCWPlatform::DSA directory D:/projects/sdr200/Soft/Z7010/PS/front_ps/hw
TRACE::2026-08-09.09:00:10::SCWPlatform:: Platform Path D:/projects/sdr200/Soft/Z7010/PS/front_ps/hw/front_wrapper.xsa
TRACE::2026-08-09.09:00:10::SCWPlatform:: Unique name xilinx:::0.0
TRACE::2026-08-09.09:00:10::SCWPlatform::Trying to set the existing hwdb with name front_wrapper_7
TRACE::2026-08-09.09:00:10::SCWPlatform::Opened existing hwdb front_wrapper_7
TRACE::2026-08-09.09:00:10::SCWPlatform::Found the Hw Db part of the input DSA
TRACE::2026-08-09.09:00:10::SCWMssOS::Checking the sw design at  D:/projects/sdr200/Soft/Z7010/PS/front_ps/ps7_cortexa9_0/freertos10_xilinx_domain/bsp/system.mss
TRACE::2026-08-09.09:00:10::SCWMssOS::DEBUG:  swdes dump  
TRACE::2026-08-09.09:00:10::SCWMssOS::No sw design opened at  D:/projects/sdr200/Soft/Z7010/PS/front_ps/ps7_cortexa9_0/freertos10_xilinx_domain/bsp/system.mss
TRACE::2026-08-09.09:00:10::SCWMssOS::mss exists loading the mss file  D:/projects/sdr200/Soft/Z7010/PS/front_ps/ps7_cortexa9_0/freertos10_xilinx_domain/bsp/system.mss
TRACE::2026-08-09.09:00:10::SCWMssOS::Opened the sw design from mss  D:/projects/sdr200/Soft/Z7010/PS/front_ps/ps7_cortexa9_0/freertos10_xilinx_domain/bsp/system.mss
TRACE::2026-08-09.09:00:10::SCWMssOS::Adding the swdes entry D:/projects/sdr200/Soft/Z7010/PS/front_ps/ps7_cortexa9_0/freertos10_xilinx_domain/bsp/system.mss with des name system
TRACE::2026-08-09.09:00:10::SCWMssOS::updating the scw layer about changes
TRACE::2026-08-09.09:00:10::SCWMssOS::Opened the sw design.  D:/projects/sdr200/Soft/Z7010/PS/front_ps/ps7_cortexa9_0/freertos10_xilinx_domain/bsp/system.mss
TRACE::2026-08-09.09:00:15::SCWPlatform::Trying to open the hw design at D:/projects/sdr200/Soft/Z7010/PS/front_ps/hw/front_wrapper.xsa
TRACE::2026-08-09.09:00:15::SCWPlatform::DSA given D:/projects/sdr200/Soft/Z7010/PS/front_ps/hw/front_wrapper.xsa
TRACE::2026-08-09.09:00:15::SCWPlatform::DSA absoulate path D:/projects/sdr200/Soft/Z7010/PS/front_ps/hw/front_wrapper.xsa
TRACE::2026-08-09.09:00:15::SCWPlatform::DSA directory D:/projects/sdr200/Soft/Z7010/PS/front_ps/hw
TRACE::2026-08-09.09:00:15::SCWPlatform:: Platform Path D:/projects/sdr200/Soft/Z7010/PS/front_ps/hw/front_wrapper.xsa
TRACE::2026-08-09.09:00:15::SCWPlatform:: Unique name xilinx:::0.0
TRACE::2026-08-09.09:00:15::SCWPlatform::Trying to set the existing hwdb with name front_wrapper_7
TRACE::2026-08-09.09:00:15::SCWPlatform::Opened existing hwdb front_wrapper_7
TRACE::2026-08-09.09:00:15::SCWPlatform::Found the Hw Db part of the input DSA
TRACE::2026-08-09.09:00:15::SCWMssOS::Checking the sw design at  D:/projects/sdr200/Soft/Z7010/PS/front_ps/ps7_cortexa9_0/freertos10_xilinx_domain/bsp/system.mss
TRACE::2026-08-09.09:00:15::SCWMssOS::DEBUG:  swdes dump  D:/projects/sdr200/Soft/Z7010/PS/front_ps/ps7_cortexa9_0/freertos10_xilinx_domain/bsp/system.mss|system||

TRACE::2026-08-09.09:00:15::SCWMssOS::Sw design exists and opened at  D:/projects/sdr200/Soft/Z7010/PS/front_ps/ps7_cortexa9_0/freertos10_xilinx_domain/bsp/system.mss
TRACE::2026-08-09.09:00:15::SCWPlatform::Trying to open the hw design at D:/projects/sdr200/Soft/Z7010/PS/front_ps/hw/front_wrapper.xsa
TRACE::2026-08-09.09:00:15::SCWPlatform::DSA given D:/projects/sdr200/Soft/Z7010/PS/front_ps/hw/front_wrapper.xsa
TRACE::2026-08-09.09:00:15::SCWPlatform::DSA absoulate path D:/projects/sdr200/Soft/Z7010/PS/front_ps/hw/front_wrapper.xsa
TRACE::2026-08-09.09:00:15::SCWPlatform::DSA directory D:/projects/sdr200/Soft/Z7010/PS/front_ps/hw
TRACE::2026-08-09.09:00:15::SCWPlatform:: Platform Path D:/projects/sdr200/Soft/Z7010/PS/front_ps/hw/front_wrapper.xsa
TRACE::2026-08-09.09:00:15::SCWPlatform:: Unique name xilinx:::0.0
TRACE::2026-08-09.09:00:15::SCWPlatform::Trying to set the existing hwdb with name front_wrapper_7
TRACE::2026-08-09.09:00:15::SCWPlatform::Opened existing hwdb front_wrapper_7
TRACE::2026-08-09.09:00:15::SCWPlatform::Found the Hw Db part of the input DSA
TRACE::2026-08-09.09:00:15::SCWMssOS::Checking the sw design at  D:/projects/sdr200/Soft/Z7010/PS/front_ps/ps7_cortexa9_0/freertos10_xilinx_domain/bsp/system.mss
TRACE::2026-08-09.09:00:15::SCWMssOS::DEBUG:  swdes dump  D:/projects/sdr200/Soft/Z7010/PS/front_ps/ps7_cortexa9_0/freertos10_xilinx_domain/bsp/system.mss|system||

TRACE::2026-08-09.09:00:15::SCWMssOS::Sw design exists and opened at  D:/projects/sdr200/Soft/Z7010/PS/front_ps/ps7_cortexa9_0/freertos10_xilinx_domain/bsp/system.mss
TRACE::2026-08-09.09:00:15::SCWPlatform::Trying to open the hw design at D:/projects/sdr200/Soft/Z7010/PS/front_ps/hw/front_wrapper.xsa
TRACE::2026-08-09.09:00:15::SCWPlatform::DSA given D:/projects/sdr200/Soft/Z7010/PS/front_ps/hw/front_wrapper.xsa
TRACE::2026-08-09.09:00:15::SCWPlatform::DSA absoulate path D:/projects/sdr200/Soft/Z7010/PS/front_ps/hw/front_wrapper.xsa
TRACE::2026-08-09.09:00:15::SCWPlatform::DSA directory D:/projects/sdr200/Soft/Z7010/PS/front_ps/hw
TRACE::2026-08-09.09:00:15::SCWPlatform:: Platform Path D:/projects/sdr200/Soft/Z7010/PS/front_ps/hw/front_wrapper.xsa
TRACE::2026-08-09.09:00:15::SCWPlatform:: Unique name xilinx:::0.0
TRACE::2026-08-09.09:00:15::SCWPlatform::Trying to set the existing hwdb with name front_wrapper_7
TRACE::2026-08-09.09:00:15::SCWPlatform::Opened existing hwdb front_wrapper_7
TRACE::2026-08-09.09:00:15::SCWPlatform::Found the Hw Db part of the input DSA
TRACE::2026-08-09.09:00:15::SCWMssOS::Checking the sw design at  D:/projects/sdr200/Soft/Z7010/PS/front_ps/ps7_cortexa9_0/freertos10_xilinx_domain/bsp/system.mss
TRACE::2026-08-09.09:00:15::SCWMssOS::DEBUG:  swdes dump  D:/projects/sdr200/Soft/Z7010/PS/front_ps/ps7_cortexa9_0/freertos10_xilinx_domain/bsp/system.mss|system||

TRACE::2026-08-09.09:00:15::SCWMssOS::Sw design exists and opened at  D:/projects/sdr200/Soft/Z7010/PS/front_ps/ps7_cortexa9_0/freertos10_xilinx_domain/bsp/system.mss
TRACE::2026-08-09.09:00:15::SCWPlatform::Trying to open the hw design at D:/projects/sdr200/Soft/Z7010/PS/front_ps/hw/front_wrapper.xsa
TRACE::2026-08-09.09:00:15::SCWPlatform::DSA given D:/projects/sdr200/Soft/Z7010/PS/front_ps/hw/front_wrapper.xsa
TRACE::2026-08-09.09:00:15::SCWPlatform::DSA absoulate path D:/projects/sdr200/Soft/Z7010/PS/front_ps/hw/front_wrapper.xsa
TRACE::2026-08-09.09:00:15::SCWPlatform::DSA directory D:/projects/sdr200/Soft/Z7010/PS/front_ps/hw
TRACE::2026-08-09.09:00:15::SCWPlatform:: Platform Path D:/projects/sdr200/Soft/Z7010/PS/front_ps/hw/front_wrapper.xsa
TRACE::2026-08-09.09:00:15::SCWPlatform:: Unique name xilinx:::0.0
TRACE::2026-08-09.09:00:15::SCWPlatform::Trying to set the existing hwdb with name front_wrapper_7
TRACE::2026-08-09.09:00:15::SCWPlatform::Opened existing hwdb front_wrapper_7
TRACE::2026-08-09.09:00:15::SCWPlatform::Found the Hw Db part of the input DSA
TRACE::2026-08-09.09:00:15::SCWMssOS::Checking the sw design at  D:/projects/sdr200/Soft/Z7010/PS/front_ps/ps7_cortexa9_0/freertos10_xilinx_domain/bsp/system.mss
TRACE::2026-08-09.09:00:15::SCWMssOS::DEBUG:  swdes dump  D:/projects/sdr200/Soft/Z7010/PS/front_ps/ps7_cortexa9_0/freertos10_xilinx_domain/bsp/system.mss|system||

TRACE::2026-08-09.09:00:15::SCWMssOS::Sw design exists and opened at  D:/projects/sdr200/Soft/Z7010/PS/front_ps/ps7_cortexa9_0/freertos10_xilinx_domain/bsp/system.mss
TRACE::2026-08-09.09:00:15::SCWPlatform::Trying to open the hw design at D:/projects/sdr200/Soft/Z7010/PS/front_ps/hw/front_wrapper.xsa
TRACE::2026-08-09.09:00:15::SCWPlatform::DSA given D:/projects/sdr200/Soft/Z7010/PS/front_ps/hw/front_wrapper.xsa
TRACE::2026-08-09.09:00:15::SCWPlatform::DSA absoulate path D:/projects/sdr200/Soft/Z7010/PS/front_ps/hw/front_wrapper.xsa
TRACE::2026-08-09.09:00:15::SCWPlatform::DSA directory D:/projects/sdr200/Soft/Z7010/PS/front_ps/hw
TRACE::2026-08-09.09:00:15::SCWPlatform:: Platform Path D:/projects/sdr200/Soft/Z7010/PS/front_ps/hw/front_wrapper.xsa
TRACE::2026-08-09.09:00:15::SCWPlatform:: Unique name xilinx:::0.0
TRACE::2026-08-09.09:00:15::SCWPlatform::Trying to set the existing hwdb with name front_wrapper_7
TRACE::2026-08-09.09:00:15::SCWPlatform::Opened existing hwdb front_wrapper_7
TRACE::2026-08-09.09:00:15::SCWPlatform::Found the Hw Db part of the input DSA
TRACE::2026-08-09.09:00:15::SCWMssOS::Checking the sw design at  D:/projects/sdr200/Soft/Z7010/PS/front_ps/ps7_cortexa9_0/freertos10_xilinx_domain/bsp/system.mss
TRACE::2026-08-09.09:00:15::SCWMssOS::DEBUG:  swdes dump  D:/projects/sdr200/Soft/Z7010/PS/front_ps/ps7_cortexa9_0/freertos10_xilinx_domain/bsp/system.mss|system||

TRACE::2026-08-09.09:00:15::SCWMssOS::Sw design exists and opened at  D:/projects/sdr200/Soft/Z7010/PS/front_ps/ps7_cortexa9_0/freertos10_xilinx_domain/bsp/system.mss
TRACE::2026-08-09.09:00:18::SCWPlatform::Trying to open the hw design at D:/projects/sdr200/Soft/Z7010/PS/front_ps/hw/front_wrapper.xsa
TRACE::2026-08-09.09:00:18::SCWPlatform::DSA given D:/projects/sdr200/Soft/Z7010/PS/front_ps/hw/front_wrapper.xsa
TRACE::2026-08-09.09:00:18::SCWPlatform::DSA absoulate path D:/projects/sdr200/Soft/Z7010/PS/front_ps/hw/front_wrapper.xsa
TRACE::2026-08-09.09:00:18::SCWPlatform::DSA directory D:/projects/sdr200/Soft/Z7010/PS/front_ps/hw
TRACE::2026-08-09.09:00:18::SCWPlatform:: Platform Path D:/projects/sdr200/Soft/Z7010/PS/front_ps/hw/front_wrapper.xsa
TRACE::2026-08-09.09:00:18::SCWPlatform:: Unique name xilinx:::0.0
TRACE::2026-08-09.09:00:18::SCWPlatform::Trying to set the existing hwdb with name front_wrapper_7
TRACE::2026-08-09.09:00:18::SCWPlatform::Opened existing hwdb front_wrapper_7
TRACE::2026-08-09.09:00:18::SCWPlatform::Found the Hw Db part of the input DSA
TRACE::2026-08-09.09:00:18::SCWMssOS::Checking the sw design at  D:/projects/sdr200/Soft/Z7010/PS/front_ps/ps7_cortexa9_0/freertos10_xilinx_domain/bsp/system.mss
TRACE::2026-08-09.09:00:18::SCWMssOS::DEBUG:  swdes dump  D:/projects/sdr200/Soft/Z7010/PS/front_ps/ps7_cortexa9_0/freertos10_xilinx_domain/bsp/system.mss|system||

TRACE::2026-08-09.09:00:18::SCWMssOS::Sw design exists and opened at  D:/projects/sdr200/Soft/Z7010/PS/front_ps/ps7_cortexa9_0/freertos10_xilinx_domain/bsp/system.mss
TRACE::2026-08-09.09:00:18::SCWPlatform::Trying to open the hw design at D:/projects/sdr200/Soft/Z7010/PS/front_ps/hw/front_wrapper.xsa
TRACE::2026-08-09.09:00:18::SCWPlatform::DSA given D:/projects/sdr200/Soft/Z7010/PS/front_ps/hw/front_wrapper.xsa
TRACE::2026-08-09.09:00:18::SCWPlatform::DSA absoulate path D:/projects/sdr200/Soft/Z7010/PS/front_ps/hw/front_wrapper.xsa
TRACE::2026-08-09.09:00:18::SCWPlatform::DSA directory D:/projects/sdr200/Soft/Z7010/PS/front_ps/hw
TRACE::2026-08-09.09:00:18::SCWPlatform:: Platform Path D:/projects/sdr200/Soft/Z7010/PS/front_ps/hw/front_wrapper.xsa
TRACE::2026-08-09.09:00:18::SCWPlatform:: Unique name xilinx:::0.0
TRACE::2026-08-09.09:00:18::SCWPlatform::Trying to set the existing hwdb with name front_wrapper_7
TRACE::2026-08-09.09:00:18::SCWPlatform::Opened existing hwdb front_wrapper_7
TRACE::2026-08-09.09:00:18::SCWPlatform::Found the Hw Db part of the input DSA
TRACE::2026-08-09.09:00:18::SCWMssOS::Checking the sw design at  D:/projects/sdr200/Soft/Z7010/PS/front_ps/ps7_cortexa9_0/freertos10_xilinx_domain/bsp/system.mss
TRACE::2026-08-09.09:00:18::SCWMssOS::DEBUG:  swdes dump  D:/projects/sdr200/Soft/Z7010/PS/front_ps/ps7_cortexa9_0/freertos10_xilinx_domain/bsp/system.mss|system||

TRACE::2026-08-09.09:00:18::SCWMssOS::Sw design exists and opened at  D:/projects/sdr200/Soft/Z7010/PS/front_ps/ps7_cortexa9_0/freertos10_xilinx_domain/bsp/system.mss
TRACE::2026-08-09.09:00:18::SCWPlatform::Trying to open the hw design at D:/projects/sdr200/Soft/Z7010/PS/front_ps/hw/front_wrapper.xsa
TRACE::2026-08-09.09:00:18::SCWPlatform::DSA given D:/projects/sdr200/Soft/Z7010/PS/front_ps/hw/front_wrapper.xsa
TRACE::2026-08-09.09:00:18::SCWPlatform::DSA absoulate path D:/projects/sdr200/Soft/Z7010/PS/front_ps/hw/front_wrapper.xsa
TRACE::2026-08-09.09:00:18::SCWPlatform::DSA directory D:/projects/sdr200/Soft/Z7010/PS/front_ps/hw
TRACE::2026-08-09.09:00:18::SCWPlatform:: Platform Path D:/projects/sdr200/Soft/Z7010/PS/front_ps/hw/front_wrapper.xsa
TRACE::2026-08-09.09:00:18::SCWPlatform:: Unique name xilinx:::0.0
TRACE::2026-08-09.09:00:18::SCWPlatform::Trying to set the existing hwdb with name front_wrapper_7
TRACE::2026-08-09.09:00:18::SCWPlatform::Opened existing hwdb front_wrapper_7
TRACE::2026-08-09.09:00:18::SCWPlatform::Found the Hw Db part of the input DSA
TRACE::2026-08-09.09:00:18::SCWMssOS::Checking the sw design at  D:/projects/sdr200/Soft/Z7010/PS/front_ps/ps7_cortexa9_0/freertos10_xilinx_domain/bsp/system.mss
TRACE::2026-08-09.09:00:18::SCWMssOS::DEBUG:  swdes dump  D:/projects/sdr200/Soft/Z7010/PS/front_ps/ps7_cortexa9_0/freertos10_xilinx_domain/bsp/system.mss|system||

TRACE::2026-08-09.09:00:18::SCWMssOS::Sw design exists and opened at  D:/projects/sdr200/Soft/Z7010/PS/front_ps/ps7_cortexa9_0/freertos10_xilinx_domain/bsp/system.mss
TRACE::2026-08-09.09:00:18::SCWPlatform::Trying to open the hw design at D:/projects/sdr200/Soft/Z7010/PS/front_ps/hw/front_wrapper.xsa
TRACE::2026-08-09.09:00:18::SCWPlatform::DSA given D:/projects/sdr200/Soft/Z7010/PS/front_ps/hw/front_wrapper.xsa
TRACE::2026-08-09.09:00:18::SCWPlatform::DSA absoulate path D:/projects/sdr200/Soft/Z7010/PS/front_ps/hw/front_wrapper.xsa
TRACE::2026-08-09.09:00:18::SCWPlatform::DSA directory D:/projects/sdr200/Soft/Z7010/PS/front_ps/hw
TRACE::2026-08-09.09:00:18::SCWPlatform:: Platform Path D:/projects/sdr200/Soft/Z7010/PS/front_ps/hw/front_wrapper.xsa
TRACE::2026-08-09.09:00:18::SCWPlatform:: Unique name xilinx:::0.0
TRACE::2026-08-09.09:00:18::SCWPlatform::Trying to set the existing hwdb with name front_wrapper_7
TRACE::2026-08-09.09:00:18::SCWPlatform::Opened existing hwdb front_wrapper_7
TRACE::2026-08-09.09:00:18::SCWPlatform::Found the Hw Db part of the input DSA
TRACE::2026-08-09.09:00:18::SCWMssOS::Checking the sw design at  D:/projects/sdr200/Soft/Z7010/PS/front_ps/ps7_cortexa9_0/freertos10_xilinx_domain/bsp/system.mss
TRACE::2026-08-09.09:00:18::SCWMssOS::DEBUG:  swdes dump  D:/projects/sdr200/Soft/Z7010/PS/front_ps/ps7_cortexa9_0/freertos10_xilinx_domain/bsp/system.mss|system||

TRACE::2026-08-09.09:00:18::SCWMssOS::Sw design exists and opened at  D:/projects/sdr200/Soft/Z7010/PS/front_ps/ps7_cortexa9_0/freertos10_xilinx_domain/bsp/system.mss
TRACE::2026-08-09.09:00:18::SCWPlatform::Trying to open the hw design at D:/projects/sdr200/Soft/Z7010/PS/front_ps/hw/front_wrapper.xsa
TRACE::2026-08-09.09:00:18::SCWPlatform::DSA given D:/projects/sdr200/Soft/Z7010/PS/front_ps/hw/front_wrapper.xsa
TRACE::2026-08-09.09:00:18::SCWPlatform::DSA absoulate path D:/projects/sdr200/Soft/Z7010/PS/front_ps/hw/front_wrapper.xsa
TRACE::2026-08-09.09:00:18::SCWPlatform::DSA directory D:/projects/sdr200/Soft/Z7010/PS/front_ps/hw
TRACE::2026-08-09.09:00:18::SCWPlatform:: Platform Path D:/projects/sdr200/Soft/Z7010/PS/front_ps/hw/front_wrapper.xsa
TRACE::2026-08-09.09:00:18::SCWPlatform:: Unique name xilinx:::0.0
TRACE::2026-08-09.09:00:18::SCWPlatform::Trying to set the existing hwdb with name front_wrapper_7
TRACE::2026-08-09.09:00:18::SCWPlatform::Opened existing hwdb front_wrapper_7
TRACE::2026-08-09.09:00:18::SCWPlatform::Found the Hw Db part of the input DSA
TRACE::2026-08-09.09:00:18::SCWMssOS::Checking the sw design at  D:/projects/sdr200/Soft/Z7010/PS/front_ps/ps7_cortexa9_0/freertos10_xilinx_domain/bsp/system.mss
TRACE::2026-08-09.09:00:18::SCWMssOS::DEBUG:  swdes dump  D:/projects/sdr200/Soft/Z7010/PS/front_ps/ps7_cortexa9_0/freertos10_xilinx_domain/bsp/system.mss|system||

TRACE::2026-08-09.09:00:18::SCWMssOS::Sw design exists and opened at  D:/projects/sdr200/Soft/Z7010/PS/front_ps/ps7_cortexa9_0/freertos10_xilinx_domain/bsp/system.mss
TRACE::2026-08-09.09:00:18::SCWMssOS::Saving the mss changes D:/projects/sdr200/Soft/Z7010/PS/front_ps/zynq_fsbl/zynq_fsbl_bsp/system.mss
TRACE::2026-08-09.09:00:18::SCWMssOS::Adding the swdes entry, mss present, able to open swdb D:/projects/sdr200/Soft/Z7010/PS/front_ps/zynq_fsbl/zynq_fsbl_bsp/system.mss with des name system_0
TRACE::2026-08-09.09:00:18::SCWMssOS::Writing the mss file completed D:/projects/sdr200/Soft/Z7010/PS/front_ps/zynq_fsbl/zynq_fsbl_bsp/system.mss
TRACE::2026-08-09.09:00:18::SCWMssOS::Commit changes completed.
TRACE::2026-08-09.09:00:18::SCWMssOS::Saving the mss changes D:/projects/sdr200/Soft/Z7010/PS/front_ps/ps7_cortexa9_0/freertos10_xilinx_domain/bsp/system.mss
TRACE::2026-08-09.09:00:18::SCWMssOS::Found a swdesign opened with the mssfile.
TRACE::2026-08-09.09:00:18::SCWMssOS::Completed writemss as part of save.
TRACE::2026-08-09.09:00:18::SCWMssOS::Commit changes completed.
TRACE::2026-08-09.09:00:18::SCWPlatform::Trying to open the hw design at D:/projects/sdr200/Soft/Z7010/PS/front_ps/hw/front_wrapper.xsa
TRACE::2026-08-09.09:00:18::SCWPlatform::DSA given D:/projects/sdr200/Soft/Z7010/PS/front_ps/hw/front_wrapper.xsa
TRACE::2026-08-09.09:00:18::SCWPlatform::DSA absoulate path D:/projects/sdr200/Soft/Z7010/PS/front_ps/hw/front_wrapper.xsa
TRACE::2026-08-09.09:00:18::SCWPlatform::DSA directory D:/projects/sdr200/Soft/Z7010/PS/front_ps/hw
TRACE::2026-08-09.09:00:18::SCWPlatform:: Platform Path D:/projects/sdr200/Soft/Z7010/PS/front_ps/hw/front_wrapper.xsa
TRACE::2026-08-09.09:00:18::SCWPlatform:: Unique name xilinx:::0.0
TRACE::2026-08-09.09:00:18::SCWPlatform::Trying to set the existing hwdb with name front_wrapper_7
TRACE::2026-08-09.09:00:18::SCWPlatform::Opened existing hwdb front_wrapper_7
TRACE::2026-08-09.09:00:18::SCWPlatform::Found the Hw Db part of the input DSA
TRACE::2026-08-09.09:00:18::SCWMssOS::Checking the sw design at  D:/projects/sdr200/Soft/Z7010/PS/front_ps/zynq_fsbl/zynq_fsbl_bsp/system.mss
TRACE::2026-08-09.09:00:18::SCWMssOS::DEBUG:  swdes dump  D:/projects/sdr200/Soft/Z7010/PS/front_ps/ps7_cortexa9_0/freertos10_xilinx_domain/bsp/system.mss|system||
D:/projects/sdr200/Soft/Z7010/PS/front_ps/zynq_fsbl/zynq_fsbl_bsp/system.mss|system_0||

TRACE::2026-08-09.09:00:18::SCWMssOS::Sw design exists and opened at  D:/projects/sdr200/Soft/Z7010/PS/front_ps/zynq_fsbl/zynq_fsbl_bsp/system.mss
TRACE::2026-08-09.09:00:18::SCWPlatform::Trying to open the hw design at D:/projects/sdr200/Soft/Z7010/PS/front_ps/hw/front_wrapper.xsa
TRACE::2026-08-09.09:00:18::SCWPlatform::DSA given D:/projects/sdr200/Soft/Z7010/PS/front_ps/hw/front_wrapper.xsa
TRACE::2026-08-09.09:00:18::SCWPlatform::DSA absoulate path D:/projects/sdr200/Soft/Z7010/PS/front_ps/hw/front_wrapper.xsa
TRACE::2026-08-09.09:00:18::SCWPlatform::DSA directory D:/projects/sdr200/Soft/Z7010/PS/front_ps/hw
TRACE::2026-08-09.09:00:18::SCWPlatform:: Platform Path D:/projects/sdr200/Soft/Z7010/PS/front_ps/hw/front_wrapper.xsa
TRACE::2026-08-09.09:00:18::SCWPlatform:: Unique name xilinx:::0.0
TRACE::2026-08-09.09:00:18::SCWPlatform::Trying to set the existing hwdb with name front_wrapper_7
TRACE::2026-08-09.09:00:18::SCWPlatform::Opened existing hwdb front_wrapper_7
TRACE::2026-08-09.09:00:18::SCWPlatform::Found the Hw Db part of the input DSA
TRACE::2026-08-09.09:00:18::SCWMssOS::Checking the sw design at  D:/projects/sdr200/Soft/Z7010/PS/front_ps/ps7_cortexa9_0/freertos10_xilinx_domain/bsp/system.mss
TRACE::2026-08-09.09:00:18::SCWMssOS::DEBUG:  swdes dump  D:/projects/sdr200/Soft/Z7010/PS/front_ps/ps7_cortexa9_0/freertos10_xilinx_domain/bsp/system.mss|system||
D:/projects/sdr200/Soft/Z7010/PS/front_ps/zynq_fsbl/zynq_fsbl_bsp/system.mss|system_0||

TRACE::2026-08-09.09:00:18::SCWMssOS::Sw design exists and opened at  D:/projects/sdr200/Soft/Z7010/PS/front_ps/ps7_cortexa9_0/freertos10_xilinx_domain/bsp/system.mss
TRACE::2026-08-09.09:00:18::SCWWriter::formatted JSON is {
	"platformName":	"front_ps",
	"sprVersion":	"2.0",
	"mode":	"gui",
	"dsaType":	"Fixed",
	"platformDesc":	"front_ps",
	"platHandOff":	"D:/projects/sdr200/Soft/Z7010/PL/front_wrapper.xsa",
	"platIntHandOff":	"<platformDir>/hw/front_wrapper.xsa",
	"deviceType":	"zynq",
	"platIsPrebuiltAutogen":	"false",
	"platIsNoBootBsp":	"false",
	"hasFsblMakeHasChanges":	"false",
	"hasPmufwMakeHasChanges":	"false",
	"fsblExtraCompilerFlags":	"-MMD -MP       -mcpu=cortex-a9 -mfpu=vfpv3 -mfloat-abi=hard ",
	"platPreBuiltFlag":	false,
	"platformSamplesDir":	"",
	"platActiveSys":	"front_ps",
	"systems":	[{
			"systemName":	"front_ps",
			"systemDesc":	"front_ps",
			"sysIsBootAutoGen":	"true",
			"systemDispName":	"front_ps",
			"sysActiveDom":	"freertos10_xilinx_domain",
			"sysDefaultDom":	"freertos10_xilinx_domain",
			"domains":	[{
					"domainName":	"zynq_fsbl",
					"domainDispName":	"zynq_fsbl",
					"domainDesc":	"FSBL Application BSP - Auto Generated.",
					"processors":	"ps7_cortexa9_0",
					"os":	"standalone",
					"sdxOs":	"standalone",
					"debugEnable":	"",
					"domRuntimes":	["cpp"],
					"swRepo":	"",
					"mssOsVer":	"9.0",
					"mssFile":	"",
					"md5Digest":	"a9b6d6249b834789d5e5d0d09d85bae0",
					"compatibleApp":	"zynq_fsbl",
					"domType":	"bootDomain",
					"arch":	"32-bit",
					"appSettings":	{
						"appCompilerFlags":	"",
						"appLinkerFlags":	""
					},
					"addedLibs":	["xilffs:5.1", "xilrsa:1.7"],
					"libOptions":	{
						"libsContainingOptions":	[]
					},
					"prebuiltLibs":	{
						"prebuiltIncPath":	[],
						"prebuiltLibPath":	[]
					},
					"isolation":	{
					}
				}, {
					"domainName":	"freertos10_xilinx_domain",
					"domainDispName":	"freertos10_xilinx on ps7_cortexa9_0",
					"domainDesc":	"freertos10_xilinx_domain",
					"processors":	"ps7_cortexa9_0",
					"os":	"freertos10_xilinx",
					"sdxOs":	"freertos10_xilinx",
					"qemuArgs":	"<platformDir>/resources/front_ps/freertos10_xilinx_domain/qemu_args.txt",
					"qemuData":	"<platformDir>/resources/front_ps/freertos10_xilinx_domain/qemu",
					"debugEnable":	"False",
					"domRuntimes":	["cpp"],
					"swRepo":	"",
					"mssOsVer":	"1.14",
					"mssFile":	"",
					"md5Digest":	"df08ccfec57ff0ec939766b2cabee81c",
					"compatibleApp":	"",
					"domType":	"mssDomain",
					"appSettings":	{
						"appCompilerFlags":	"",
						"appLinkerFlags":	""
					},
					"addedLibs":	[],
					"libOptions":	{
						"freertos10_xilinx":	{
							"stdin":	"none",
							"stdout":	"none",
							"libOptionNames":	["stdin", "stdout"]
						},
						"libsContainingOptions":	["freertos10_xilinx"]
					},
					"prebuiltLibs":	{
						"prebuiltIncPath":	[],
						"prebuiltLibPath":	[]
					},
					"isolation":	{
					}
				}]
		}]
}
TRACE::2026-08-09.09:00:18::SCWMssOS::Saving the mss changes D:/projects/sdr200/Soft/Z7010/PS/front_ps/ps7_cortexa9_0/freertos10_xilinx_domain/bsp/system.mss
TRACE::2026-08-09.09:00:18::SCWMssOS::Found a swdesign opened with the mssfile.
TRACE::2026-08-09.09:00:18::SCWMssOS::Completed writemss as part of save.
TRACE::2026-08-09.09:00:18::SCWMssOS::Commit changes completed.
TRACE::2026-08-09.09:00:18::SCWPlatform::Trying to open the hw design at D:/projects/sdr200/Soft/Z7010/PS/front_ps/hw/front_wrapper.xsa
TRACE::2026-08-09.09:00:18::SCWPlatform::DSA given D:/projects/sdr200/Soft/Z7010/PS/front_ps/hw/front_wrapper.xsa
TRACE::2026-08-09.09:00:18::SCWPlatform::DSA absoulate path D:/projects/sdr200/Soft/Z7010/PS/front_ps/hw/front_wrapper.xsa
TRACE::2026-08-09.09:00:18::SCWPlatform::DSA directory D:/projects/sdr200/Soft/Z7010/PS/front_ps/hw
TRACE::2026-08-09.09:00:18::SCWPlatform:: Platform Path D:/projects/sdr200/Soft/Z7010/PS/front_ps/hw/front_wrapper.xsa
TRACE::2026-08-09.09:00:18::SCWPlatform:: Unique name xilinx:::0.0
TRACE::2026-08-09.09:00:18::SCWPlatform::Trying to set the existing hwdb with name front_wrapper_7
TRACE::2026-08-09.09:00:18::SCWPlatform::Opened existing hwdb front_wrapper_7
TRACE::2026-08-09.09:00:18::SCWPlatform::Found the Hw Db part of the input DSA
TRACE::2026-08-09.09:00:18::SCWMssOS::Checking the sw design at  D:/projects/sdr200/Soft/Z7010/PS/front_ps/ps7_cortexa9_0/freertos10_xilinx_domain/bsp/system.mss
TRACE::2026-08-09.09:00:18::SCWMssOS::DEBUG:  swdes dump  D:/projects/sdr200/Soft/Z7010/PS/front_ps/ps7_cortexa9_0/freertos10_xilinx_domain/bsp/system.mss|system||
D:/projects/sdr200/Soft/Z7010/PS/front_ps/zynq_fsbl/zynq_fsbl_bsp/system.mss|system_0||

TRACE::2026-08-09.09:00:18::SCWMssOS::Sw design exists and opened at  D:/projects/sdr200/Soft/Z7010/PS/front_ps/ps7_cortexa9_0/freertos10_xilinx_domain/bsp/system.mss
TRACE::2026-08-09.09:00:18::SCWMssOS::Removing the swdes entry for  D:/projects/sdr200/Soft/Z7010/PS/front_ps/ps7_cortexa9_0/freertos10_xilinx_domain/bsp/system.mss
TRACE::2026-08-09.09:00:18::SCWMssOS::In reload Mss file.
TRACE::2026-08-09.09:00:18::SCWPlatform::Trying to open the hw design at D:/projects/sdr200/Soft/Z7010/PS/front_ps/hw/front_wrapper.xsa
TRACE::2026-08-09.09:00:18::SCWPlatform::DSA given D:/projects/sdr200/Soft/Z7010/PS/front_ps/hw/front_wrapper.xsa
TRACE::2026-08-09.09:00:18::SCWPlatform::DSA absoulate path D:/projects/sdr200/Soft/Z7010/PS/front_ps/hw/front_wrapper.xsa
TRACE::2026-08-09.09:00:18::SCWPlatform::DSA directory D:/projects/sdr200/Soft/Z7010/PS/front_ps/hw
TRACE::2026-08-09.09:00:18::SCWPlatform:: Platform Path D:/projects/sdr200/Soft/Z7010/PS/front_ps/hw/front_wrapper.xsa
TRACE::2026-08-09.09:00:18::SCWPlatform:: Unique name xilinx:::0.0
TRACE::2026-08-09.09:00:18::SCWPlatform::Trying to set the existing hwdb with name front_wrapper_7
TRACE::2026-08-09.09:00:18::SCWPlatform::Opened existing hwdb front_wrapper_7
TRACE::2026-08-09.09:00:18::SCWPlatform::Found the Hw Db part of the input DSA
TRACE::2026-08-09.09:00:18::SCWMssOS::Checking the sw design at  D:/projects/sdr200/Soft/Z7010/PS/front_ps/ps7_cortexa9_0/freertos10_xilinx_domain/bsp/system.mss
TRACE::2026-08-09.09:00:18::SCWMssOS::DEBUG:  swdes dump  D:/projects/sdr200/Soft/Z7010/PS/front_ps/zynq_fsbl/zynq_fsbl_bsp/system.mss|system_0||

TRACE::2026-08-09.09:00:18::SCWMssOS::No sw design opened at  D:/projects/sdr200/Soft/Z7010/PS/front_ps/ps7_cortexa9_0/freertos10_xilinx_domain/bsp/system.mss
TRACE::2026-08-09.09:00:18::SCWMssOS::mss exists loading the mss file  D:/projects/sdr200/Soft/Z7010/PS/front_ps/ps7_cortexa9_0/freertos10_xilinx_domain/bsp/system.mss
TRACE::2026-08-09.09:00:18::SCWMssOS::Opened the sw design from mss  D:/projects/sdr200/Soft/Z7010/PS/front_ps/ps7_cortexa9_0/freertos10_xilinx_domain/bsp/system.mss
TRACE::2026-08-09.09:00:18::SCWMssOS::Adding the swdes entry D:/projects/sdr200/Soft/Z7010/PS/front_ps/ps7_cortexa9_0/freertos10_xilinx_domain/bsp/system.mss with des name system
TRACE::2026-08-09.09:00:18::SCWMssOS::updating the scw layer about changes
TRACE::2026-08-09.09:00:18::SCWMssOS::Opened the sw design.  D:/projects/sdr200/Soft/Z7010/PS/front_ps/ps7_cortexa9_0/freertos10_xilinx_domain/bsp/system.mss
TRACE::2026-08-09.09:00:18::SCWPlatform::Trying to open the hw design at D:/projects/sdr200/Soft/Z7010/PS/front_ps/hw/front_wrapper.xsa
TRACE::2026-08-09.09:00:18::SCWPlatform::DSA given D:/projects/sdr200/Soft/Z7010/PS/front_ps/hw/front_wrapper.xsa
TRACE::2026-08-09.09:00:18::SCWPlatform::DSA absoulate path D:/projects/sdr200/Soft/Z7010/PS/front_ps/hw/front_wrapper.xsa
TRACE::2026-08-09.09:00:18::SCWPlatform::DSA directory D:/projects/sdr200/Soft/Z7010/PS/front_ps/hw
TRACE::2026-08-09.09:00:18::SCWPlatform:: Platform Path D:/projects/sdr200/Soft/Z7010/PS/front_ps/hw/front_wrapper.xsa
TRACE::2026-08-09.09:00:18::SCWPlatform:: Unique name xilinx:::0.0
TRACE::2026-08-09.09:00:18::SCWPlatform::Trying to set the existing hwdb with name front_wrapper_7
TRACE::2026-08-09.09:00:18::SCWPlatform::Opened existing hwdb front_wrapper_7
TRACE::2026-08-09.09:00:18::SCWPlatform::Found the Hw Db part of the input DSA
TRACE::2026-08-09.09:00:18::SCWMssOS::Checking the sw design at  D:/projects/sdr200/Soft/Z7010/PS/front_ps/ps7_cortexa9_0/freertos10_xilinx_domain/bsp/system.mss
TRACE::2026-08-09.09:00:18::SCWMssOS::DEBUG:  swdes dump  D:/projects/sdr200/Soft/Z7010/PS/front_ps/ps7_cortexa9_0/freertos10_xilinx_domain/bsp/system.mss|system||
D:/projects/sdr200/Soft/Z7010/PS/front_ps/zynq_fsbl/zynq_fsbl_bsp/system.mss|system_0||

TRACE::2026-08-09.09:00:18::SCWMssOS::Sw design exists and opened at  D:/projects/sdr200/Soft/Z7010/PS/front_ps/ps7_cortexa9_0/freertos10_xilinx_domain/bsp/system.mss
TRACE::2026-08-09.09:00:18::SCWPlatform::Trying to open the hw design at D:/projects/sdr200/Soft/Z7010/PS/front_ps/hw/front_wrapper.xsa
TRACE::2026-08-09.09:00:18::SCWPlatform::DSA given D:/projects/sdr200/Soft/Z7010/PS/front_ps/hw/front_wrapper.xsa
TRACE::2026-08-09.09:00:18::SCWPlatform::DSA absoulate path D:/projects/sdr200/Soft/Z7010/PS/front_ps/hw/front_wrapper.xsa
TRACE::2026-08-09.09:00:18::SCWPlatform::DSA directory D:/projects/sdr200/Soft/Z7010/PS/front_ps/hw
TRACE::2026-08-09.09:00:18::SCWPlatform:: Platform Path D:/projects/sdr200/Soft/Z7010/PS/front_ps/hw/front_wrapper.xsa
TRACE::2026-08-09.09:00:18::SCWPlatform:: Unique name xilinx:::0.0
TRACE::2026-08-09.09:00:18::SCWPlatform::Trying to set the existing hwdb with name front_wrapper_7
TRACE::2026-08-09.09:00:18::SCWPlatform::Opened existing hwdb front_wrapper_7
TRACE::2026-08-09.09:00:18::SCWPlatform::Found the Hw Db part of the input DSA
TRACE::2026-08-09.09:00:18::SCWMssOS::Checking the sw design at  D:/projects/sdr200/Soft/Z7010/PS/front_ps/ps7_cortexa9_0/freertos10_xilinx_domain/bsp/system.mss
TRACE::2026-08-09.09:00:18::SCWMssOS::DEBUG:  swdes dump  D:/projects/sdr200/Soft/Z7010/PS/front_ps/ps7_cortexa9_0/freertos10_xilinx_domain/bsp/system.mss|system||
D:/projects/sdr200/Soft/Z7010/PS/front_ps/zynq_fsbl/zynq_fsbl_bsp/system.mss|system_0||

TRACE::2026-08-09.09:00:18::SCWMssOS::Sw design exists and opened at  D:/projects/sdr200/Soft/Z7010/PS/front_ps/ps7_cortexa9_0/freertos10_xilinx_domain/bsp/system.mss
TRACE::2026-08-09.09:00:18::SCWPlatform::Trying to open the hw design at D:/projects/sdr200/Soft/Z7010/PS/front_ps/hw/front_wrapper.xsa
TRACE::2026-08-09.09:00:18::SCWPlatform::DSA given D:/projects/sdr200/Soft/Z7010/PS/front_ps/hw/front_wrapper.xsa
TRACE::2026-08-09.09:00:18::SCWPlatform::DSA absoulate path D:/projects/sdr200/Soft/Z7010/PS/front_ps/hw/front_wrapper.xsa
TRACE::2026-08-09.09:00:18::SCWPlatform::DSA directory D:/projects/sdr200/Soft/Z7010/PS/front_ps/hw
TRACE::2026-08-09.09:00:18::SCWPlatform:: Platform Path D:/projects/sdr200/Soft/Z7010/PS/front_ps/hw/front_wrapper.xsa
TRACE::2026-08-09.09:00:18::SCWPlatform:: Unique name xilinx:::0.0
TRACE::2026-08-09.09:00:18::SCWPlatform::Trying to set the existing hwdb with name front_wrapper_7
TRACE::2026-08-09.09:00:18::SCWPlatform::Opened existing hwdb front_wrapper_7
TRACE::2026-08-09.09:00:18::SCWPlatform::Found the Hw Db part of the input DSA
TRACE::2026-08-09.09:00:18::SCWMssOS::Checking the sw design at  D:/projects/sdr200/Soft/Z7010/PS/front_ps/ps7_cortexa9_0/freertos10_xilinx_domain/bsp/system.mss
TRACE::2026-08-09.09:00:18::SCWMssOS::DEBUG:  swdes dump  D:/projects/sdr200/Soft/Z7010/PS/front_ps/ps7_cortexa9_0/freertos10_xilinx_domain/bsp/system.mss|system||
D:/projects/sdr200/Soft/Z7010/PS/front_ps/zynq_fsbl/zynq_fsbl_bsp/system.mss|system_0||

TRACE::2026-08-09.09:00:18::SCWMssOS::Sw design exists and opened at  D:/projects/sdr200/Soft/Z7010/PS/front_ps/ps7_cortexa9_0/freertos10_xilinx_domain/bsp/system.mss
TRACE::2026-08-09.09:00:18::SCWPlatform::Trying to open the hw design at D:/projects/sdr200/Soft/Z7010/PS/front_ps/hw/front_wrapper.xsa
TRACE::2026-08-09.09:00:18::SCWPlatform::DSA given D:/projects/sdr200/Soft/Z7010/PS/front_ps/hw/front_wrapper.xsa
TRACE::2026-08-09.09:00:18::SCWPlatform::DSA absoulate path D:/projects/sdr200/Soft/Z7010/PS/front_ps/hw/front_wrapper.xsa
TRACE::2026-08-09.09:00:18::SCWPlatform::DSA directory D:/projects/sdr200/Soft/Z7010/PS/front_ps/hw
TRACE::2026-08-09.09:00:18::SCWPlatform:: Platform Path D:/projects/sdr200/Soft/Z7010/PS/front_ps/hw/front_wrapper.xsa
TRACE::2026-08-09.09:00:18::SCWPlatform:: Unique name xilinx:::0.0
TRACE::2026-08-09.09:00:18::SCWPlatform::Trying to set the existing hwdb with name front_wrapper_7
TRACE::2026-08-09.09:00:18::SCWPlatform::Opened existing hwdb front_wrapper_7
TRACE::2026-08-09.09:00:18::SCWPlatform::Found the Hw Db part of the input DSA
TRACE::2026-08-09.09:00:18::SCWMssOS::Checking the sw design at  D:/projects/sdr200/Soft/Z7010/PS/front_ps/ps7_cortexa9_0/freertos10_xilinx_domain/bsp/system.mss
TRACE::2026-08-09.09:00:18::SCWMssOS::DEBUG:  swdes dump  D:/projects/sdr200/Soft/Z7010/PS/front_ps/ps7_cortexa9_0/freertos10_xilinx_domain/bsp/system.mss|system||
D:/projects/sdr200/Soft/Z7010/PS/front_ps/zynq_fsbl/zynq_fsbl_bsp/system.mss|system_0||

TRACE::2026-08-09.09:00:18::SCWMssOS::Sw design exists and opened at  D:/projects/sdr200/Soft/Z7010/PS/front_ps/ps7_cortexa9_0/freertos10_xilinx_domain/bsp/system.mss
TRACE::2026-08-09.09:00:18::SCWMssOS::Saving the mss changes D:/projects/sdr200/Soft/Z7010/PS/front_ps/ps7_cortexa9_0/freertos10_xilinx_domain/bsp/system.mss
TRACE::2026-08-09.09:00:18::SCWMssOS::Found a swdesign opened with the mssfile.
TRACE::2026-08-09.09:00:18::SCWMssOS::Completed writemss as part of save.
TRACE::2026-08-09.09:00:18::SCWMssOS::Commit changes completed.
TRACE::2026-08-09.09:00:18::SCWPlatform::Trying to open the hw design at D:/projects/sdr200/Soft/Z7010/PS/front_ps/hw/front_wrapper.xsa
TRACE::2026-08-09.09:00:18::SCWPlatform::DSA given D:/projects/sdr200/Soft/Z7010/PS/front_ps/hw/front_wrapper.xsa
TRACE::2026-08-09.09:00:18::SCWPlatform::DSA absoulate path D:/projects/sdr200/Soft/Z7010/PS/front_ps/hw/front_wrapper.xsa
TRACE::2026-08-09.09:00:18::SCWPlatform::DSA directory D:/projects/sdr200/Soft/Z7010/PS/front_ps/hw
TRACE::2026-08-09.09:00:18::SCWPlatform:: Platform Path D:/projects/sdr200/Soft/Z7010/PS/front_ps/hw/front_wrapper.xsa
TRACE::2026-08-09.09:00:18::SCWPlatform:: Unique name xilinx:::0.0
TRACE::2026-08-09.09:00:18::SCWPlatform::Trying to set the existing hwdb with name front_wrapper_7
TRACE::2026-08-09.09:00:18::SCWPlatform::Opened existing hwdb front_wrapper_7
TRACE::2026-08-09.09:00:18::SCWPlatform::Found the Hw Db part of the input DSA
TRACE::2026-08-09.09:00:18::SCWMssOS::Checking the sw design at  D:/projects/sdr200/Soft/Z7010/PS/front_ps/ps7_cortexa9_0/freertos10_xilinx_domain/bsp/system.mss
TRACE::2026-08-09.09:00:18::SCWMssOS::DEBUG:  swdes dump  D:/projects/sdr200/Soft/Z7010/PS/front_ps/ps7_cortexa9_0/freertos10_xilinx_domain/bsp/system.mss|system||
D:/projects/sdr200/Soft/Z7010/PS/front_ps/zynq_fsbl/zynq_fsbl_bsp/system.mss|system_0||

TRACE::2026-08-09.09:00:18::SCWMssOS::Sw design exists and opened at  D:/projects/sdr200/Soft/Z7010/PS/front_ps/ps7_cortexa9_0/freertos10_xilinx_domain/bsp/system.mss
TRACE::2026-08-09.09:00:18::SCWMssOS::Removing the swdes entry for  D:/projects/sdr200/Soft/Z7010/PS/front_ps/ps7_cortexa9_0/freertos10_xilinx_domain/bsp/system.mss
TRACE::2026-08-09.09:00:18::SCWPlatform::Trying to open the hw design at D:/projects/sdr200/Soft/Z7010/PS/front_ps/hw/front_wrapper.xsa
TRACE::2026-08-09.09:00:18::SCWPlatform::DSA given D:/projects/sdr200/Soft/Z7010/PS/front_ps/hw/front_wrapper.xsa
TRACE::2026-08-09.09:00:18::SCWPlatform::DSA absoulate path D:/projects/sdr200/Soft/Z7010/PS/front_ps/hw/front_wrapper.xsa
TRACE::2026-08-09.09:00:18::SCWPlatform::DSA directory D:/projects/sdr200/Soft/Z7010/PS/front_ps/hw
TRACE::2026-08-09.09:00:18::SCWPlatform:: Platform Path D:/projects/sdr200/Soft/Z7010/PS/front_ps/hw/front_wrapper.xsa
TRACE::2026-08-09.09:00:18::SCWPlatform:: Unique name xilinx:::0.0
TRACE::2026-08-09.09:00:18::SCWPlatform::Trying to set the existing hwdb with name front_wrapper_7
TRACE::2026-08-09.09:00:18::SCWPlatform::Opened existing hwdb front_wrapper_7
TRACE::2026-08-09.09:00:18::SCWPlatform::Found the Hw Db part of the input DSA
TRACE::2026-08-09.09:00:18::SCWMssOS::Checking the sw design at  D:/projects/sdr200/Soft/Z7010/PS/front_ps/ps7_cortexa9_0/freertos10_xilinx_domain/bsp/system.mss
TRACE::2026-08-09.09:00:18::SCWMssOS::DEBUG:  swdes dump  D:/projects/sdr200/Soft/Z7010/PS/front_ps/zynq_fsbl/zynq_fsbl_bsp/system.mss|system_0||

TRACE::2026-08-09.09:00:18::SCWMssOS::No sw design opened at  D:/projects/sdr200/Soft/Z7010/PS/front_ps/ps7_cortexa9_0/freertos10_xilinx_domain/bsp/system.mss
TRACE::2026-08-09.09:00:18::SCWMssOS::mss exists loading the mss file  D:/projects/sdr200/Soft/Z7010/PS/front_ps/ps7_cortexa9_0/freertos10_xilinx_domain/bsp/system.mss
TRACE::2026-08-09.09:00:18::SCWMssOS::Opened the sw design from mss  D:/projects/sdr200/Soft/Z7010/PS/front_ps/ps7_cortexa9_0/freertos10_xilinx_domain/bsp/system.mss
TRACE::2026-08-09.09:00:18::SCWMssOS::Adding the swdes entry D:/projects/sdr200/Soft/Z7010/PS/front_ps/ps7_cortexa9_0/freertos10_xilinx_domain/bsp/system.mss with des name system
TRACE::2026-08-09.09:00:18::SCWMssOS::updating the scw layer about changes
TRACE::2026-08-09.09:00:18::SCWMssOS::Opened the sw design.  D:/projects/sdr200/Soft/Z7010/PS/front_ps/ps7_cortexa9_0/freertos10_xilinx_domain/bsp/system.mss
TRACE::2026-08-09.09:00:18::SCWMssOS::Completed writing the mss file at D:/projects/sdr200/Soft/Z7010/PS/front_ps/ps7_cortexa9_0/freertos10_xilinx_domain/bsp
TRACE::2026-08-09.09:00:18::SCWMssOS::Forcing BSP Sources regeneration.
TRACE::2026-08-09.09:01:07::SCWBDomain::System Command Ran  D:&  cd  D:/projects/sdr200/Soft/Z7010/PS/front_ps/zynq_fsbl & make clean
TRACE::2026-08-09.09:01:07::SCWBDomain::rm -rf  sd.o  nand.o  nor.o  image_mover.o  md5.o  fsbl_hooks.o  main.o  rsa.o  qspi.o  ps7_init.o  pcap.o  fsbl_handoff.o zynq
TRACE::2026-08-09.09:01:07::SCWBDomain::_fsbl_bsp/ps7_cortexa9_0/lib/libxil.a fsbl.elf *.o

ERROR::2026-08-09.09:01:07::SCWSystem::Error in Processing the domain zynq_fsbl
LOG::2026-08-09.09:01:11::SCWPlatform::Started generating the artifacts platform front_ps
TRACE::2026-08-09.09:01:11::SCWPlatform::Sanity checking of platform is completed
LOG::2026-08-09.09:01:11::SCWPlatform::Started generating the artifacts for system configuration front_ps
LOG::2026-08-09.09:01:11::SCWSystem::Checking the domain zynq_fsbl
LOG::2026-08-09.09:01:11::SCWSystem::Doing application build for :  zynq_fsbl
TRACE::2026-08-09.09:01:11::SCWBDomain::Not a forced makefile updation, No changes are present. 
TRACE::2026-08-09.09:01:11::SCWDomain::Building the domain as part of full build :  zynq_fsbl
TRACE::2026-08-09.09:01:11::SCWPlatform::Trying to open the hw design at D:/projects/sdr200/Soft/Z7010/PS/front_ps/hw/front_wrapper.xsa
TRACE::2026-08-09.09:01:11::SCWPlatform::DSA given D:/projects/sdr200/Soft/Z7010/PS/front_ps/hw/front_wrapper.xsa
TRACE::2026-08-09.09:01:11::SCWPlatform::DSA absoulate path D:/projects/sdr200/Soft/Z7010/PS/front_ps/hw/front_wrapper.xsa
TRACE::2026-08-09.09:01:11::SCWPlatform::DSA directory D:/projects/sdr200/Soft/Z7010/PS/front_ps/hw
TRACE::2026-08-09.09:01:11::SCWPlatform:: Platform Path D:/projects/sdr200/Soft/Z7010/PS/front_ps/hw/front_wrapper.xsa
TRACE::2026-08-09.09:01:11::SCWPlatform:: Unique name xilinx:::0.0
TRACE::2026-08-09.09:01:11::SCWPlatform::Trying to set the existing hwdb with name front_wrapper_7
TRACE::2026-08-09.09:01:11::SCWPlatform::Opened existing hwdb front_wrapper_7
TRACE::2026-08-09.09:01:11::SCWPlatform::Found the Hw Db part of the input DSA
TRACE::2026-08-09.09:01:11::SCWMssOS::Checking the sw design at  D:/projects/sdr200/Soft/Z7010/PS/front_ps/zynq_fsbl/zynq_fsbl_bsp/system.mss
TRACE::2026-08-09.09:01:11::SCWMssOS::DEBUG:  swdes dump  D:/projects/sdr200/Soft/Z7010/PS/front_ps/zynq_fsbl/zynq_fsbl_bsp/system.mss|system_0||

TRACE::2026-08-09.09:01:11::SCWMssOS::Sw design exists and opened at  D:/projects/sdr200/Soft/Z7010/PS/front_ps/zynq_fsbl/zynq_fsbl_bsp/system.mss
TRACE::2026-08-09.09:01:11::SCWBDomain::Completed writing the mss file at D:/projects/sdr200/Soft/Z7010/PS/front_ps/zynq_fsbl/zynq_fsbl_bsp
TRACE::2026-08-09.09:01:11::SCWBDomain::bsp generated is upto date with the mss file. Skipping bsp generation.
TRACE::2026-08-09.09:01:11::SCWBDomain::Not a forced makefile updation, No changes are present. 
TRACE::2026-08-09.09:01:11::SCWBDomain::System Command Ran  D:&  cd  D:/projects/sdr200/Soft/Z7010/PS/front_ps/zynq_fsbl& make -C  zynq_fsbl_bsp & make 
TRACE::2026-08-09.09:01:11::SCWBDomain::make: Entering directory 'D:/projects/sdr200/Soft/Z7010/PS/front_ps/zynq_fsbl/zynq_fsbl_bsp'

TRACE::2026-08-09.09:01:11::SCWBDomain::make --no-print-directory seq_libs

TRACE::2026-08-09.09:01:11::SCWBDomain::"Running Make include in ps7_cortexa9_0/libsrc/coresightps_dcc_v1_9/src"

TRACE::2026-08-09.09:01:11::SCWBDomain::make -C ps7_cortexa9_0/libsrc/coresightps_dcc_v1_9/src -s include  "SHELL=CMD" "COMPILER=arm-none-eabi-gcc" "ASSEMBLER=arm-none
TRACE::2026-08-09.09:01:11::SCWBDomain::-eabi-as" "ARCHIVER=arm-none-eabi-ar" "COMPILER_FLAGS=  -O2 -c" "EXTRA_COMPILER_FLAGS=-mcpu=cortex-a9 -mfpu=vfpv3 -mfloat-abi=h
TRACE::2026-08-09.09:01:11::SCWBDomain::ard -nostartfiles -g -Wall -Wextra -fno-tree-loop-distribute-patterns"

TRACE::2026-08-09.09:01:11::SCWBDomain::"Running Make include in ps7_cortexa9_0/libsrc/cpu_cortexa9_v2_12/src"

TRACE::2026-08-09.09:01:11::SCWBDomain::make -C ps7_cortexa9_0/libsrc/cpu_cortexa9_v2_12/src -s include  "SHELL=CMD" "COMPILER=arm-none-eabi-gcc" "ASSEMBLER=arm-none-e
TRACE::2026-08-09.09:01:11::SCWBDomain::abi-as" "ARCHIVER=arm-none-eabi-ar" "COMPILER_FLAGS=  -O2 -c" "EXTRA_COMPILER_FLAGS=-mcpu=cortex-a9 -mfpu=vfpv3 -mfloat-abi=har
TRACE::2026-08-09.09:01:11::SCWBDomain::d -nostartfiles -g -Wall -Wextra -fno-tree-loop-distribute-patterns"

TRACE::2026-08-09.09:01:11::SCWBDomain::"Running Make include in ps7_cortexa9_0/libsrc/ddrps_v1_2/src"

TRACE::2026-08-09.09:01:11::SCWBDomain::make -C ps7_cortexa9_0/libsrc/ddrps_v1_2/src -s include  "SHELL=CMD" "COMPILER=arm-none-eabi-gcc" "ASSEMBLER=arm-none-eabi-as" 
TRACE::2026-08-09.09:01:11::SCWBDomain::"ARCHIVER=arm-none-eabi-ar" "COMPILER_FLAGS=  -O2 -c" "EXTRA_COMPILER_FLAGS=-mcpu=cortex-a9 -mfpu=vfpv3 -mfloat-abi=hard -nosta
TRACE::2026-08-09.09:01:11::SCWBDomain::rtfiles -g -Wall -Wextra -fno-tree-loop-distribute-patterns"

TRACE::2026-08-09.09:01:11::SCWBDomain::"Running Make include in ps7_cortexa9_0/libsrc/devcfg_v3_8/src"

TRACE::2026-08-09.09:01:11::SCWBDomain::make -C ps7_cortexa9_0/libsrc/devcfg_v3_8/src -s include  "SHELL=CMD" "COMPILER=arm-none-eabi-gcc" "ASSEMBLER=arm-none-eabi-as"
TRACE::2026-08-09.09:01:11::SCWBDomain:: "ARCHIVER=arm-none-eabi-ar" "COMPILER_FLAGS=  -O2 -c" "EXTRA_COMPILER_FLAGS=-mcpu=cortex-a9 -mfpu=vfpv3 -mfloat-abi=hard -nost
TRACE::2026-08-09.09:01:11::SCWBDomain::artfiles -g -Wall -Wextra -fno-tree-loop-distribute-patterns"

TRACE::2026-08-09.09:01:11::SCWBDomain::"Running Make include in ps7_cortexa9_0/libsrc/dmaps_v2_9/src"

TRACE::2026-08-09.09:01:11::SCWBDomain::make -C ps7_cortexa9_0/libsrc/dmaps_v2_9/src -s include  "SHELL=CMD" "COMPILER=arm-none-eabi-gcc" "ASSEMBLER=arm-none-eabi-as" 
TRACE::2026-08-09.09:01:11::SCWBDomain::"ARCHIVER=arm-none-eabi-ar" "COMPILER_FLAGS=  -O2 -c" "EXTRA_COMPILER_FLAGS=-mcpu=cortex-a9 -mfpu=vfpv3 -mfloat-abi=hard -nosta
TRACE::2026-08-09.09:01:11::SCWBDomain::rtfiles -g -Wall -Wextra -fno-tree-loop-distribute-patterns"

TRACE::2026-08-09.09:01:11::SCWBDomain::"Running Make include in ps7_cortexa9_0/libsrc/gpiops_v3_12/src"

TRACE::2026-08-09.09:01:11::SCWBDomain::make -C ps7_cortexa9_0/libsrc/gpiops_v3_12/src -s include  "SHELL=CMD" "COMPILER=arm-none-eabi-gcc" "ASSEMBLER=arm-none-eabi-as
TRACE::2026-08-09.09:01:11::SCWBDomain::" "ARCHIVER=arm-none-eabi-ar" "COMPILER_FLAGS=  -O2 -c" "EXTRA_COMPILER_FLAGS=-mcpu=cortex-a9 -mfpu=vfpv3 -mfloat-abi=hard -nos
TRACE::2026-08-09.09:01:11::SCWBDomain::tartfiles -g -Wall -Wextra -fno-tree-loop-distribute-patterns"

TRACE::2026-08-09.09:01:11::SCWBDomain::"Running Make include in ps7_cortexa9_0/libsrc/iicps_v3_18/src"

TRACE::2026-08-09.09:01:11::SCWBDomain::make -C ps7_cortexa9_0/libsrc/iicps_v3_18/src -s include  "SHELL=CMD" "COMPILER=arm-none-eabi-gcc" "ASSEMBLER=arm-none-eabi-as"
TRACE::2026-08-09.09:01:11::SCWBDomain:: "ARCHIVER=arm-none-eabi-ar" "COMPILER_FLAGS=  -O2 -c" "EXTRA_COMPILER_FLAGS=-mcpu=cortex-a9 -mfpu=vfpv3 -mfloat-abi=hard -nost
TRACE::2026-08-09.09:01:11::SCWBDomain::artfiles -g -Wall -Wextra -fno-tree-loop-distribute-patterns"

TRACE::2026-08-09.09:01:11::SCWBDomain::"Running Make include in ps7_cortexa9_0/libsrc/scugic_v5_2/src"

TRACE::2026-08-09.09:01:11::SCWBDomain::make -C ps7_cortexa9_0/libsrc/scugic_v5_2/src -s include  "SHELL=CMD" "COMPILER=arm-none-eabi-gcc" "ASSEMBLER=arm-none-eabi-as"
TRACE::2026-08-09.09:01:11::SCWBDomain:: "ARCHIVER=arm-none-eabi-ar" "COMPILER_FLAGS=  -O2 -c" "EXTRA_COMPILER_FLAGS=-mcpu=cortex-a9 -mfpu=vfpv3 -mfloat-abi=hard -nost
TRACE::2026-08-09.09:01:11::SCWBDomain::artfiles -g -Wall -Wextra -fno-tree-loop-distribute-patterns"

TRACE::2026-08-09.09:01:11::SCWBDomain::"Running Make include in ps7_cortexa9_0/libsrc/scutimer_v2_5/src"

TRACE::2026-08-09.09:01:11::SCWBDomain::make -C ps7_cortexa9_0/libsrc/scutimer_v2_5/src -s include  "SHELL=CMD" "COMPILER=arm-none-eabi-gcc" "ASSEMBLER=arm-none-eabi-a
TRACE::2026-08-09.09:01:11::SCWBDomain::s" "ARCHIVER=arm-none-eabi-ar" "COMPILER_FLAGS=  -O2 -c" "EXTRA_COMPILER_FLAGS=-mcpu=cortex-a9 -mfpu=vfpv3 -mfloat-abi=hard -no
TRACE::2026-08-09.09:01:11::SCWBDomain::startfiles -g -Wall -Wextra -fno-tree-loop-distribute-patterns"

TRACE::2026-08-09.09:01:11::SCWBDomain::"Running Make include in ps7_cortexa9_0/libsrc/scuwdt_v2_5/src"

TRACE::2026-08-09.09:01:11::SCWBDomain::make -C ps7_cortexa9_0/libsrc/scuwdt_v2_5/src -s include  "SHELL=CMD" "COMPILER=arm-none-eabi-gcc" "ASSEMBLER=arm-none-eabi-as"
TRACE::2026-08-09.09:01:11::SCWBDomain:: "ARCHIVER=arm-none-eabi-ar" "COMPILER_FLAGS=  -O2 -c" "EXTRA_COMPILER_FLAGS=-mcpu=cortex-a9 -mfpu=vfpv3 -mfloat-abi=hard -nost
TRACE::2026-08-09.09:01:11::SCWBDomain::artfiles -g -Wall -Wextra -fno-tree-loop-distribute-patterns"

TRACE::2026-08-09.09:01:12::SCWBDomain::"Running Make include in ps7_cortexa9_0/libsrc/standalone_v9_0/src"

TRACE::2026-08-09.09:01:12::SCWBDomain::make -C ps7_cortexa9_0/libsrc/standalone_v9_0/src -s include  "SHELL=CMD" "COMPILER=arm-none-eabi-gcc" "ASSEMBLER=arm-none-eabi
TRACE::2026-08-09.09:01:12::SCWBDomain::-as" "ARCHIVER=arm-none-eabi-ar" "COMPILER_FLAGS=  -O2 -c" "EXTRA_COMPILER_FLAGS=-mcpu=cortex-a9 -mfpu=vfpv3 -mfloat-abi=hard -
TRACE::2026-08-09.09:01:12::SCWBDomain::nostartfiles -g -Wall -Wextra -fno-tree-loop-distribute-patterns"

TRACE::2026-08-09.09:01:12::SCWBDomain::"Running Make include in ps7_cortexa9_0/libsrc/uartps_v3_13/src"

TRACE::2026-08-09.09:01:12::SCWBDomain::make -C ps7_cortexa9_0/libsrc/uartps_v3_13/src -s include  "SHELL=CMD" "COMPILER=arm-none-eabi-gcc" "ASSEMBLER=arm-none-eabi-as
TRACE::2026-08-09.09:01:12::SCWBDomain::" "ARCHIVER=arm-none-eabi-ar" "COMPILER_FLAGS=  -O2 -c" "EXTRA_COMPILER_FLAGS=-mcpu=cortex-a9 -mfpu=vfpv3 -mfloat-abi=hard -nos
TRACE::2026-08-09.09:01:12::SCWBDomain::tartfiles -g -Wall -Wextra -fno-tree-loop-distribute-patterns"

TRACE::2026-08-09.09:01:12::SCWBDomain::"Running Make include in ps7_cortexa9_0/libsrc/xadcps_v2_7/src"

TRACE::2026-08-09.09:01:12::SCWBDomain::make -C ps7_cortexa9_0/libsrc/xadcps_v2_7/src -s include  "SHELL=CMD" "COMPILER=arm-none-eabi-gcc" "ASSEMBLER=arm-none-eabi-as"
TRACE::2026-08-09.09:01:12::SCWBDomain:: "ARCHIVER=arm-none-eabi-ar" "COMPILER_FLAGS=  -O2 -c" "EXTRA_COMPILER_FLAGS=-mcpu=cortex-a9 -mfpu=vfpv3 -mfloat-abi=hard -nost
TRACE::2026-08-09.09:01:12::SCWBDomain::artfiles -g -Wall -Wextra -fno-tree-loop-distribute-patterns"

TRACE::2026-08-09.09:01:12::SCWBDomain::"Running Make include in ps7_cortexa9_0/libsrc/xilffs_v5_1/src"

TRACE::2026-08-09.09:01:12::SCWBDomain::make -C ps7_cortexa9_0/libsrc/xilffs_v5_1/src -s include  "SHELL=CMD" "COMPILER=arm-none-eabi-gcc" "ASSEMBLER=arm-none-eabi-as"
TRACE::2026-08-09.09:01:12::SCWBDomain:: "ARCHIVER=arm-none-eabi-ar" "COMPILER_FLAGS=  -O2 -c" "EXTRA_COMPILER_FLAGS=-mcpu=cortex-a9 -mfpu=vfpv3 -mfloat-abi=hard -nost
TRACE::2026-08-09.09:01:12::SCWBDomain::artfiles -g -Wall -Wextra -fno-tree-loop-distribute-patterns"

TRACE::2026-08-09.09:01:12::SCWBDomain::"Running Make include in ps7_cortexa9_0/libsrc/xilrsa_v1_7/src"

TRACE::2026-08-09.09:01:12::SCWBDomain::make -C ps7_cortexa9_0/libsrc/xilrsa_v1_7/src -s include  "SHELL=CMD" "COMPILER=arm-none-eabi-gcc" "ASSEMBLER=arm-none-eabi-as"
TRACE::2026-08-09.09:01:12::SCWBDomain:: "ARCHIVER=arm-none-eabi-ar" "COMPILER_FLAGS=  -O2 -c" "EXTRA_COMPILER_FLAGS=-mcpu=cortex-a9 -mfpu=vfpv3 -mfloat-abi=hard -nost
TRACE::2026-08-09.09:01:12::SCWBDomain::artfiles -g -Wall -Wextra -fno-tree-loop-distribute-patterns"

TRACE::2026-08-09.09:01:12::SCWBDomain::"Running Make libs in ps7_cortexa9_0/libsrc/xilrsa_v1_7/src"

TRACE::2026-08-09.09:01:12::SCWBDomain::make -C ps7_cortexa9_0/libsrc/xilrsa_v1_7/src -s libs  "SHELL=CMD" "COMPILER=arm-none-eabi-gcc" "ASSEMBLER=arm-none-eabi-as" "A
TRACE::2026-08-09.09:01:12::SCWBDomain::RCHIVER=arm-none-eabi-ar" "COMPILER_FLAGS=  -O2 -c" "EXTRA_COMPILER_FLAGS=-mcpu=cortex-a9 -mfpu=vfpv3 -mfloat-abi=hard -nostart
TRACE::2026-08-09.09:01:12::SCWBDomain::files -g -Wall -Wextra -fno-tree-loop-distribute-patterns"

TRACE::2026-08-09.09:01:12::SCWBDomain::'Finished building libraries sequentially.'

TRACE::2026-08-09.09:01:12::SCWBDomain::make -j 10 --no-print-directory par_libs

TRACE::2026-08-09.09:01:12::SCWBDomain::"Running Make include in ps7_cortexa9_0/libsrc/coresightps_dcc_v1_9/src"

TRACE::2026-08-09.09:01:12::SCWBDomain::make -C ps7_cortexa9_0/libsrc/coresightps_dcc_v1_9/src -s include  "SHELL=CMD" "COMPILER=arm-none-eabi-gcc" "ASSEMBLER=arm-none
TRACE::2026-08-09.09:01:12::SCWBDomain::-eabi-as" "ARCHIVER=arm-none-eabi-ar" "COMPILER_FLAGS=  -O2 -c" "EXTRA_COMPILER_FLAGS=-mcpu=cortex-a9 -mfpu=vfpv3 -mfloat-abi=h
TRACE::2026-08-09.09:01:12::SCWBDomain::ard -nostartfiles -g -Wall -Wextra -fno-tree-loop-distribute-patterns"

TRACE::2026-08-09.09:01:12::SCWBDomain::"Running Make include in ps7_cortexa9_0/libsrc/cpu_cortexa9_v2_12/src"

TRACE::2026-08-09.09:01:12::SCWBDomain::make -C ps7_cortexa9_0/libsrc/cpu_cortexa9_v2_12/src -s include  "SHELL=CMD" "COMPILER=arm-none-eabi-gcc" "ASSEMBLER=arm-none-e
TRACE::2026-08-09.09:01:12::SCWBDomain::abi-as" "ARCHIVER=arm-none-eabi-ar" "COMPILER_FLAGS=  -O2 -c" "EXTRA_COMPILER_FLAGS=-mcpu=cortex-a9 -mfpu=vfpv3 -mfloat-abi=har
TRACE::2026-08-09.09:01:12::SCWBDomain::d -nostartfiles -g -Wall -Wextra -fno-tree-loop-distribute-patterns"

TRACE::2026-08-09.09:01:12::SCWBDomain::"Running Make include in ps7_cortexa9_0/libsrc/ddrps_v1_2/src"

TRACE::2026-08-09.09:01:12::SCWBDomain::make -C ps7_cortexa9_0/libsrc/ddrps_v1_2/src -s include  "SHELL=CMD" "COMPILER=arm-none-eabi-gcc" "ASSEMBLER=arm-none-eabi-as" 
TRACE::2026-08-09.09:01:12::SCWBDomain::"ARCHIVER=arm-none-eabi-ar" "COMPILER_FLAGS=  -O2 -c" "EXTRA_COMPILER_FLAGS=-mcpu=cortex-a9 -mfpu=vfpv3 -mfloat-abi=hard -nosta
TRACE::2026-08-09.09:01:12::SCWBDomain::rtfiles -g -Wall -Wextra -fno-tree-loop-distribute-patterns"

TRACE::2026-08-09.09:01:12::SCWBDomain::"Running Make include in ps7_cortexa9_0/libsrc/devcfg_v3_8/src"

TRACE::2026-08-09.09:01:12::SCWBDomain::make -C ps7_cortexa9_0/libsrc/devcfg_v3_8/src -s include  "SHELL=CMD" "COMPILER=arm-none-eabi-gcc" "ASSEMBLER=arm-none-eabi-as"
TRACE::2026-08-09.09:01:12::SCWBDomain:: "ARCHIVER=arm-none-eabi-ar" "COMPILER_FLAGS=  -O2 -c" "EXTRA_COMPILER_FLAGS=-mcpu=cortex-a9 -mfpu=vfpv3 -mfloat-abi=hard -nost
TRACE::2026-08-09.09:01:12::SCWBDomain::artfiles -g -Wall -Wextra -fno-tree-loop-distribute-patterns"

TRACE::2026-08-09.09:01:12::SCWBDomain::"Running Make include in ps7_cortexa9_0/libsrc/dmaps_v2_9/src"

TRACE::2026-08-09.09:01:12::SCWBDomain::make -C ps7_cortexa9_0/libsrc/dmaps_v2_9/src -s include  "SHELL=CMD" "COMPILER=arm-none-eabi-gcc" "ASSEMBLER=arm-none-eabi-as" 
TRACE::2026-08-09.09:01:12::SCWBDomain::"ARCHIVER=arm-none-eabi-ar" "COMPILER_FLAGS=  -O2 -c" "EXTRA_COMPILER_FLAGS=-mcpu=cortex-a9 -mfpu=vfpv3 -mfloat-abi=hard -nosta
TRACE::2026-08-09.09:01:12::SCWBDomain::rtfiles -g -Wall -Wextra -fno-tree-loop-distribute-patterns"

TRACE::2026-08-09.09:01:12::SCWBDomain::"Running Make include in ps7_cortexa9_0/libsrc/gpiops_v3_12/src"

TRACE::2026-08-09.09:01:12::SCWBDomain::make -C ps7_cortexa9_0/libsrc/gpiops_v3_12/src -s include  "SHELL=CMD" "COMPILER=arm-none-eabi-gcc" "ASSEMBLER=arm-none-eabi-as
TRACE::2026-08-09.09:01:12::SCWBDomain::" "ARCHIVER=arm-none-eabi-ar" "COMPILER_FLAGS=  -O2 -c" "EXTRA_COMPILER_FLAGS=-mcpu=cortex-a9 -mfpu=vfpv3 -mfloat-abi=hard -nos
TRACE::2026-08-09.09:01:12::SCWBDomain::tartfiles -g -Wall -Wextra -fno-tree-loop-distribute-patterns"

TRACE::2026-08-09.09:01:12::SCWBDomain::"Running Make include in ps7_cortexa9_0/libsrc/iicps_v3_18/src"

TRACE::2026-08-09.09:01:12::SCWBDomain::make -C ps7_cortexa9_0/libsrc/iicps_v3_18/src -s include  "SHELL=CMD" "COMPILER=arm-none-eabi-gcc" "ASSEMBLER=arm-none-eabi-as"
TRACE::2026-08-09.09:01:12::SCWBDomain:: "ARCHIVER=arm-none-eabi-ar" "COMPILER_FLAGS=  -O2 -c" "EXTRA_COMPILER_FLAGS=-mcpu=cortex-a9 -mfpu=vfpv3 -mfloat-abi=hard -nost
TRACE::2026-08-09.09:01:12::SCWBDomain::artfiles -g -Wall -Wextra -fno-tree-loop-distribute-patterns"

TRACE::2026-08-09.09:01:12::SCWBDomain::"Running Make include in ps7_cortexa9_0/libsrc/scugic_v5_2/src"

TRACE::2026-08-09.09:01:12::SCWBDomain::make -C ps7_cortexa9_0/libsrc/scugic_v5_2/src -s include  "SHELL=CMD" "COMPILER=arm-none-eabi-gcc" "ASSEMBLER=arm-none-eabi-as"
TRACE::2026-08-09.09:01:12::SCWBDomain:: "ARCHIVER=arm-none-eabi-ar" "COMPILER_FLAGS=  -O2 -c" "EXTRA_COMPILER_FLAGS=-mcpu=cortex-a9 -mfpu=vfpv3 -mfloat-abi=hard -nost
TRACE::2026-08-09.09:01:12::SCWBDomain::artfiles -g -Wall -Wextra -fno-tree-loop-distribute-patterns"

TRACE::2026-08-09.09:01:12::SCWBDomain::"Running Make include in ps7_cortexa9_0/libsrc/scutimer_v2_5/src"

TRACE::2026-08-09.09:01:12::SCWBDomain::make -C ps7_cortexa9_0/libsrc/scutimer_v2_5/src -s include  "SHELL=CMD" "COMPILER=arm-none-eabi-gcc" "ASSEMBLER=arm-none-eabi-a
TRACE::2026-08-09.09:01:12::SCWBDomain::s" "ARCHIVER=arm-none-eabi-ar" "COMPILER_FLAGS=  -O2 -c" "EXTRA_COMPILER_FLAGS=-mcpu=cortex-a9 -mfpu=vfpv3 -mfloat-abi=hard -no
TRACE::2026-08-09.09:01:12::SCWBDomain::startfiles -g -Wall -Wextra -fno-tree-loop-distribute-patterns"

TRACE::2026-08-09.09:01:12::SCWBDomain::"Running Make include in ps7_cortexa9_0/libsrc/scuwdt_v2_5/src"

TRACE::2026-08-09.09:01:12::SCWBDomain::make -C ps7_cortexa9_0/libsrc/scuwdt_v2_5/src -s include  "SHELL=CMD" "COMPILER=arm-none-eabi-gcc" "ASSEMBLER=arm-none-eabi-as"
TRACE::2026-08-09.09:01:12::SCWBDomain:: "ARCHIVER=arm-none-eabi-ar" "COMPILER_FLAGS=  -O2 -c" "EXTRA_COMPILER_FLAGS=-mcpu=cortex-a9 -mfpu=vfpv3 -mfloat-abi=hard -nost
TRACE::2026-08-09.09:01:12::SCWBDomain::artfiles -g -Wall -Wextra -fno-tree-loop-distribute-patterns"

TRACE::2026-08-09.09:01:12::SCWBDomain::"Running Make include in ps7_cortexa9_0/libsrc/standalone_v9_0/src"

TRACE::2026-08-09.09:01:12::SCWBDomain::make -C ps7_cortexa9_0/libsrc/standalone_v9_0/src -s include  "SHELL=CMD" "COMPILER=arm-none-eabi-gcc" "ASSEMBLER=arm-none-eabi
TRACE::2026-08-09.09:01:12::SCWBDomain::-as" "ARCHIVER=arm-none-eabi-ar" "COMPILER_FLAGS=  -O2 -c" "EXTRA_COMPILER_FLAGS=-mcpu=cortex-a9 -mfpu=vfpv3 -mfloat-abi=hard -
TRACE::2026-08-09.09:01:12::SCWBDomain::nostartfiles -g -Wall -Wextra -fno-tree-loop-distribute-patterns"

TRACE::2026-08-09.09:01:12::SCWBDomain::"Running Make include in ps7_cortexa9_0/libsrc/uartps_v3_13/src"

TRACE::2026-08-09.09:01:12::SCWBDomain::make -C ps7_cortexa9_0/libsrc/uartps_v3_13/src -s include  "SHELL=CMD" "COMPILER=arm-none-eabi-gcc" "ASSEMBLER=arm-none-eabi-as
TRACE::2026-08-09.09:01:12::SCWBDomain::" "ARCHIVER=arm-none-eabi-ar" "COMPILER_FLAGS=  -O2 -c" "EXTRA_COMPILER_FLAGS=-mcpu=cortex-a9 -mfpu=vfpv3 -mfloat-abi=hard -nos
TRACE::2026-08-09.09:01:12::SCWBDomain::tartfiles -g -Wall -Wextra -fno-tree-loop-distribute-patterns"

TRACE::2026-08-09.09:01:12::SCWBDomain::"Running Make include in ps7_cortexa9_0/libsrc/xadcps_v2_7/src"

TRACE::2026-08-09.09:01:12::SCWBDomain::make -C ps7_cortexa9_0/libsrc/xadcps_v2_7/src -s include  "SHELL=CMD" "COMPILER=arm-none-eabi-gcc" "ASSEMBLER=arm-none-eabi-as"
TRACE::2026-08-09.09:01:12::SCWBDomain:: "ARCHIVER=arm-none-eabi-ar" "COMPILER_FLAGS=  -O2 -c" "EXTRA_COMPILER_FLAGS=-mcpu=cortex-a9 -mfpu=vfpv3 -mfloat-abi=hard -nost
TRACE::2026-08-09.09:01:12::SCWBDomain::artfiles -g -Wall -Wextra -fno-tree-loop-distribute-patterns"

TRACE::2026-08-09.09:01:12::SCWBDomain::"Running Make include in ps7_cortexa9_0/libsrc/xilffs_v5_1/src"

TRACE::2026-08-09.09:01:12::SCWBDomain::make -C ps7_cortexa9_0/libsrc/xilffs_v5_1/src -s include  "SHELL=CMD" "COMPILER=arm-none-eabi-gcc" "ASSEMBLER=arm-none-eabi-as"
TRACE::2026-08-09.09:01:12::SCWBDomain:: "ARCHIVER=arm-none-eabi-ar" "COMPILER_FLAGS=  -O2 -c" "EXTRA_COMPILER_FLAGS=-mcpu=cortex-a9 -mfpu=vfpv3 -mfloat-abi=hard -nost
TRACE::2026-08-09.09:01:12::SCWBDomain::artfiles -g -Wall -Wextra -fno-tree-loop-distribute-patterns"

TRACE::2026-08-09.09:01:12::SCWBDomain::"Running Make include in ps7_cortexa9_0/libsrc/xilrsa_v1_7/src"

TRACE::2026-08-09.09:01:12::SCWBDomain::make -C ps7_cortexa9_0/libsrc/xilrsa_v1_7/src -s include  "SHELL=CMD" "COMPILER=arm-none-eabi-gcc" "ASSEMBLER=arm-none-eabi-as"
TRACE::2026-08-09.09:01:12::SCWBDomain:: "ARCHIVER=arm-none-eabi-ar" "COMPILER_FLAGS=  -O2 -c" "EXTRA_COMPILER_FLAGS=-mcpu=cortex-a9 -mfpu=vfpv3 -mfloat-abi=hard -nost
TRACE::2026-08-09.09:01:12::SCWBDomain::artfiles -g -Wall -Wextra -fno-tree-loop-distribute-patterns"

TRACE::2026-08-09.09:01:13::SCWBDomain::"Running Make libs in ps7_cortexa9_0/libsrc/coresightps_dcc_v1_9/src"

TRACE::2026-08-09.09:01:13::SCWBDomain::make -C ps7_cortexa9_0/libsrc/coresightps_dcc_v1_9/src -s libs  "SHELL=CMD" "COMPILER=arm-none-eabi-gcc" "ASSEMBLER=arm-none-ea
TRACE::2026-08-09.09:01:13::SCWBDomain::bi-as" "ARCHIVER=arm-none-eabi-ar" "COMPILER_FLAGS=  -O2 -c" "EXTRA_COMPILER_FLAGS=-mcpu=cortex-a9 -mfpu=vfpv3 -mfloat-abi=hard
TRACE::2026-08-09.09:01:13::SCWBDomain:: -nostartfiles -g -Wall -Wextra -fno-tree-loop-distribute-patterns"

TRACE::2026-08-09.09:01:13::SCWBDomain::"Running Make libs in ps7_cortexa9_0/libsrc/cpu_cortexa9_v2_12/src"

TRACE::2026-08-09.09:01:13::SCWBDomain::make -C ps7_cortexa9_0/libsrc/cpu_cortexa9_v2_12/src -s libs  "SHELL=CMD" "COMPILER=arm-none-eabi-gcc" "ASSEMBLER=arm-none-eabi
TRACE::2026-08-09.09:01:13::SCWBDomain::-as" "ARCHIVER=arm-none-eabi-ar" "COMPILER_FLAGS=  -O2 -c" "EXTRA_COMPILER_FLAGS=-mcpu=cortex-a9 -mfpu=vfpv3 -mfloat-abi=hard -
TRACE::2026-08-09.09:01:13::SCWBDomain::nostartfiles -g -Wall -Wextra -fno-tree-loop-distribute-patterns"

TRACE::2026-08-09.09:01:13::SCWBDomain::"Running Make libs in ps7_cortexa9_0/libsrc/ddrps_v1_2/src"

TRACE::2026-08-09.09:01:13::SCWBDomain::make -C ps7_cortexa9_0/libsrc/ddrps_v1_2/src -s libs  "SHELL=CMD" "COMPILER=arm-none-eabi-gcc" "ASSEMBLER=arm-none-eabi-as" "AR
TRACE::2026-08-09.09:01:13::SCWBDomain::CHIVER=arm-none-eabi-ar" "COMPILER_FLAGS=  -O2 -c" "EXTRA_COMPILER_FLAGS=-mcpu=cortex-a9 -mfpu=vfpv3 -mfloat-abi=hard -nostartf
TRACE::2026-08-09.09:01:13::SCWBDomain::iles -g -Wall -Wextra -fno-tree-loop-distribute-patterns"

TRACE::2026-08-09.09:01:13::SCWBDomain::"Running Make libs in ps7_cortexa9_0/libsrc/devcfg_v3_8/src"

TRACE::2026-08-09.09:01:13::SCWBDomain::make -C ps7_cortexa9_0/libsrc/devcfg_v3_8/src -s libs  "SHELL=CMD" "COMPILER=arm-none-eabi-gcc" "ASSEMBLER=arm-none-eabi-as" "A
TRACE::2026-08-09.09:01:13::SCWBDomain::RCHIVER=arm-none-eabi-ar" "COMPILER_FLAGS=  -O2 -c" "EXTRA_COMPILER_FLAGS=-mcpu=cortex-a9 -mfpu=vfpv3 -mfloat-abi=hard -nostart
TRACE::2026-08-09.09:01:13::SCWBDomain::files -g -Wall -Wextra -fno-tree-loop-distribute-patterns"

TRACE::2026-08-09.09:01:13::SCWBDomain::"Running Make libs in ps7_cortexa9_0/libsrc/dmaps_v2_9/src"

TRACE::2026-08-09.09:01:13::SCWBDomain::make -C ps7_cortexa9_0/libsrc/dmaps_v2_9/src -s libs  "SHELL=CMD" "COMPILER=arm-none-eabi-gcc" "ASSEMBLER=arm-none-eabi-as" "AR
TRACE::2026-08-09.09:01:13::SCWBDomain::CHIVER=arm-none-eabi-ar" "COMPILER_FLAGS=  -O2 -c" "EXTRA_COMPILER_FLAGS=-mcpu=cortex-a9 -mfpu=vfpv3 -mfloat-abi=hard -nostartf
TRACE::2026-08-09.09:01:13::SCWBDomain::iles -g -Wall -Wextra -fno-tree-loop-distribute-patterns"

TRACE::2026-08-09.09:01:13::SCWBDomain::"Running Make libs in ps7_cortexa9_0/libsrc/gpiops_v3_12/src"

TRACE::2026-08-09.09:01:13::SCWBDomain::make -C ps7_cortexa9_0/libsrc/gpiops_v3_12/src -s libs  "SHELL=CMD" "COMPILER=arm-none-eabi-gcc" "ASSEMBLER=arm-none-eabi-as" "
TRACE::2026-08-09.09:01:13::SCWBDomain::ARCHIVER=arm-none-eabi-ar" "COMPILER_FLAGS=  -O2 -c" "EXTRA_COMPILER_FLAGS=-mcpu=cortex-a9 -mfpu=vfpv3 -mfloat-abi=hard -nostar
TRACE::2026-08-09.09:01:13::SCWBDomain::tfiles -g -Wall -Wextra -fno-tree-loop-distribute-patterns"

TRACE::2026-08-09.09:01:13::SCWBDomain::"Running Make libs in ps7_cortexa9_0/libsrc/iicps_v3_18/src"

TRACE::2026-08-09.09:01:13::SCWBDomain::make -C ps7_cortexa9_0/libsrc/iicps_v3_18/src -s libs  "SHELL=CMD" "COMPILER=arm-none-eabi-gcc" "ASSEMBLER=arm-none-eabi-as" "A
TRACE::2026-08-09.09:01:13::SCWBDomain::RCHIVER=arm-none-eabi-ar" "COMPILER_FLAGS=  -O2 -c" "EXTRA_COMPILER_FLAGS=-mcpu=cortex-a9 -mfpu=vfpv3 -mfloat-abi=hard -nostart
TRACE::2026-08-09.09:01:13::SCWBDomain::files -g -Wall -Wextra -fno-tree-loop-distribute-patterns"

TRACE::2026-08-09.09:01:13::SCWBDomain::"Running Make libs in ps7_cortexa9_0/libsrc/scugic_v5_2/src"

TRACE::2026-08-09.09:01:13::SCWBDomain::make -C ps7_cortexa9_0/libsrc/scugic_v5_2/src -s libs  "SHELL=CMD" "COMPILER=arm-none-eabi-gcc" "ASSEMBLER=arm-none-eabi-as" "A
TRACE::2026-08-09.09:01:13::SCWBDomain::RCHIVER=arm-none-eabi-ar" "COMPILER_FLAGS=  -O2 -c" "EXTRA_COMPILER_FLAGS=-mcpu=cortex-a9 -mfpu=vfpv3 -mfloat-abi=hard -nostart
TRACE::2026-08-09.09:01:13::SCWBDomain::files -g -Wall -Wextra -fno-tree-loop-distribute-patterns"

TRACE::2026-08-09.09:01:13::SCWBDomain::"Running Make libs in ps7_cortexa9_0/libsrc/scutimer_v2_5/src"

TRACE::2026-08-09.09:01:13::SCWBDomain::make -C ps7_cortexa9_0/libsrc/scutimer_v2_5/src -s libs  "SHELL=CMD" "COMPILER=arm-none-eabi-gcc" "ASSEMBLER=arm-none-eabi-as" 
TRACE::2026-08-09.09:01:13::SCWBDomain::"ARCHIVER=arm-none-eabi-ar" "COMPILER_FLAGS=  -O2 -c" "EXTRA_COMPILER_FLAGS=-mcpu=cortex-a9 -mfpu=vfpv3 -mfloat-abi=hard -nosta
TRACE::2026-08-09.09:01:13::SCWBDomain::rtfiles -g -Wall -Wextra -fno-tree-loop-distribute-patterns"

TRACE::2026-08-09.09:01:13::SCWBDomain::"Running Make libs in ps7_cortexa9_0/libsrc/scuwdt_v2_5/src"

TRACE::2026-08-09.09:01:13::SCWBDomain::make -C ps7_cortexa9_0/libsrc/scuwdt_v2_5/src -s libs  "SHELL=CMD" "COMPILER=arm-none-eabi-gcc" "ASSEMBLER=arm-none-eabi-as" "A
TRACE::2026-08-09.09:01:13::SCWBDomain::RCHIVER=arm-none-eabi-ar" "COMPILER_FLAGS=  -O2 -c" "EXTRA_COMPILER_FLAGS=-mcpu=cortex-a9 -mfpu=vfpv3 -mfloat-abi=hard -nostart
TRACE::2026-08-09.09:01:13::SCWBDomain::files -g -Wall -Wextra -fno-tree-loop-distribute-patterns"

TRACE::2026-08-09.09:01:13::SCWBDomain::"Running Make libs in ps7_cortexa9_0/libsrc/standalone_v9_0/src"

TRACE::2026-08-09.09:01:13::SCWBDomain::make -C ps7_cortexa9_0/libsrc/standalone_v9_0/src -s libs  "SHELL=CMD" "COMPILER=arm-none-eabi-gcc" "ASSEMBLER=arm-none-eabi-as
TRACE::2026-08-09.09:01:13::SCWBDomain::" "ARCHIVER=arm-none-eabi-ar" "COMPILER_FLAGS=  -O2 -c" "EXTRA_COMPILER_FLAGS=-mcpu=cortex-a9 -mfpu=vfpv3 -mfloat-abi=hard -nos
TRACE::2026-08-09.09:01:13::SCWBDomain::tartfiles -g -Wall -Wextra -fno-tree-loop-distribute-patterns"

TRACE::2026-08-09.09:01:13::SCWBDomain::"Running Make libs in ps7_cortexa9_0/libsrc/uartps_v3_13/src"

TRACE::2026-08-09.09:01:13::SCWBDomain::make -C ps7_cortexa9_0/libsrc/uartps_v3_13/src -s libs  "SHELL=CMD" "COMPILER=arm-none-eabi-gcc" "ASSEMBLER=arm-none-eabi-as" "
TRACE::2026-08-09.09:01:13::SCWBDomain::ARCHIVER=arm-none-eabi-ar" "COMPILER_FLAGS=  -O2 -c" "EXTRA_COMPILER_FLAGS=-mcpu=cortex-a9 -mfpu=vfpv3 -mfloat-abi=hard -nostar
TRACE::2026-08-09.09:01:13::SCWBDomain::tfiles -g -Wall -Wextra -fno-tree-loop-distribute-patterns"

TRACE::2026-08-09.09:01:13::SCWBDomain::"Running Make libs in ps7_cortexa9_0/libsrc/xadcps_v2_7/src"

TRACE::2026-08-09.09:01:13::SCWBDomain::make -C ps7_cortexa9_0/libsrc/xadcps_v2_7/src -s libs  "SHELL=CMD" "COMPILER=arm-none-eabi-gcc" "ASSEMBLER=arm-none-eabi-as" "A
TRACE::2026-08-09.09:01:13::SCWBDomain::RCHIVER=arm-none-eabi-ar" "COMPILER_FLAGS=  -O2 -c" "EXTRA_COMPILER_FLAGS=-mcpu=cortex-a9 -mfpu=vfpv3 -mfloat-abi=hard -nostart
TRACE::2026-08-09.09:01:13::SCWBDomain::files -g -Wall -Wextra -fno-tree-loop-distribute-patterns"

TRACE::2026-08-09.09:01:13::SCWBDomain::"Running Make libs in ps7_cortexa9_0/libsrc/xilffs_v5_1/src"

TRACE::2026-08-09.09:01:13::SCWBDomain::make -C ps7_cortexa9_0/libsrc/xilffs_v5_1/src -s libs  "SHELL=CMD" "COMPILER=arm-none-eabi-gcc" "ASSEMBLER=arm-none-eabi-as" "A
TRACE::2026-08-09.09:01:13::SCWBDomain::RCHIVER=arm-none-eabi-ar" "COMPILER_FLAGS=  -O2 -c" "EXTRA_COMPILER_FLAGS=-mcpu=cortex-a9 -mfpu=vfpv3 -mfloat-abi=hard -nostart
TRACE::2026-08-09.09:01:13::SCWBDomain::files -g -Wall -Wextra -fno-tree-loop-distribute-patterns"

TRACE::2026-08-09.09:01:14::SCWBDomain::'Finished building libraries parallelly.'

TRACE::2026-08-09.09:01:14::SCWBDomain::make --no-print-directory archive

TRACE::2026-08-09.09:01:14::SCWBDomain::arm-none-eabi-ar -r  ps7_cortexa9_0/lib/libxil.a ps7_cortexa9_0/lib/_exit.o ps7_cortexa9_0/lib/_open.o ps7_cortexa9_0/lib/_sbrk
TRACE::2026-08-09.09:01:14::SCWBDomain::.o ps7_cortexa9_0/lib/abort.o ps7_cortexa9_0/lib/asm_vectors.o ps7_cortexa9_0/lib/boot.o ps7_cortexa9_0/lib/close.o ps7_cortexa
TRACE::2026-08-09.09:01:14::SCWBDomain::9_0/lib/cpputest_time.o ps7_cortexa9_0/lib/cpu_init.o ps7_cortexa9_0/lib/errno.o ps7_cortexa9_0/lib/fcntl.o ps7_cortexa9_0/lib/
TRACE::2026-08-09.09:01:14::SCWBDomain::fstat.o ps7_cortexa9_0/lib/getentropy.o ps7_cortexa9_0/lib/getpid.o ps7_cortexa9_0/lib/inbyte.o ps7_cortexa9_0/lib/isatty.o ps7
TRACE::2026-08-09.09:01:14::SCWBDomain::_cortexa9_0/lib/kill.o ps7_cortexa9_0/lib/lseek.o ps7_cortexa9_0/lib/open.o ps7_cortexa9_0/lib/outbyte.o ps7_cortexa9_0/lib/pri
TRACE::2026-08-09.09:01:14::SCWBDomain::nt.o ps7_cortexa9_0/lib/putnum.o ps7_cortexa9_0/lib/read.o ps7_cortexa9_0/lib/sbrk.o ps7_cortexa9_0/lib/sleep.o ps7_cortexa9_0/
TRACE::2026-08-09.09:01:14::SCWBDomain::lib/time.o ps7_cortexa9_0/lib/translation_table.o ps7_cortexa9_0/lib/unlink.o ps7_cortexa9_0/lib/usleep.o ps7_cortexa9_0/lib/ve
TRACE::2026-08-09.09:01:14::SCWBDomain::ctors.o ps7_cortexa9_0/lib/write.o ps7_cortexa9_0/lib/xadcps.o ps7_cortexa9_0/lib/xadcps_g.o ps7_cortexa9_0/lib/xadcps_intr.o p
TRACE::2026-08-09.09:01:14::SCWBDomain::s7_cortexa9_0/lib/xadcps_selftest.o ps7_cortexa9_0/lib/xadcps_sinit.o ps7_cortexa9_0/lib/xcoresightpsdcc.o ps7_cortexa9_0/lib/x
TRACE::2026-08-09.09:01:14::SCWBDomain::devcfg.o ps7_cortexa9_0/lib/xdevcfg_g.o ps7_cortexa9_0/lib/xdevcfg_hw.o ps7_cortexa9_0/lib/xdevcfg_intr.o ps7_cortexa9_0/lib/xd
TRACE::2026-08-09.09:01:14::SCWBDomain::evcfg_selftest.o ps7_cortexa9_0/lib/xdevcfg_sinit.o ps7_cortexa9_0/lib/xdmaps.o ps7_cortexa9_0/lib/xdmaps_g.o ps7_cortexa9_0/li
TRACE::2026-08-09.09:01:14::SCWBDomain::b/xdmaps_hw.o ps7_cortexa9_0/lib/xdmaps_selftest.o ps7_cortexa9_0/lib/xdmaps_sinit.o ps7_cortexa9_0/lib/xgpiops.o ps7_cortexa9_
TRACE::2026-08-09.09:01:14::SCWBDomain::0/lib/xgpiops_g.o ps7_cortexa9_0/lib/xgpiops_hw.o ps7_cortexa9_0/lib/xgpiops_intr.o ps7_cortexa9_0/lib/xgpiops_selftest.o ps7_c
TRACE::2026-08-09.09:01:14::SCWBDomain::ortexa9_0/lib/xgpiops_sinit.o ps7_cortexa9_0/lib/xiicps.o ps7_cortexa9_0/lib/xiicps_g.o ps7_cortexa9_0/lib/xiicps_hw.o ps7_cort
TRACE::2026-08-09.09:01:14::SCWBDomain::exa9_0/lib/xiicps_intr.o ps7_cortexa9_0/lib/xiicps_master.o ps7_cortexa9_0/lib/xiicps_options.o ps7_cortexa9_0/lib/xiicps_selft
TRACE::2026-08-09.09:01:14::SCWBDomain::est.o ps7_cortexa9_0/lib/xiicps_sinit.o ps7_cortexa9_0/lib/xiicps_slave.o ps7_cortexa9_0/lib/xiicps_xfer.o ps7_cortexa9_0/lib/x
TRACE::2026-08-09.09:01:14::SCWBDomain::il-crt0.o ps7_cortexa9_0/lib/xil_assert.o ps7_cortexa9_0/lib/xil_cache.o ps7_cortexa9_0/lib/xil_clocking.o ps7_cortexa9_0/lib/x
TRACE::2026-08-09.09:01:14::SCWBDomain::il_exception.o ps7_cortexa9_0/lib/xil_mem.o ps7_cortexa9_0/lib/xil_misc_psreset_api.o ps7_cortexa9_0/lib/xil_mmu.o ps7_cortexa9
TRACE::2026-08-09.09:01:14::SCWBDomain::_0/lib/xil_printf.o ps7_cortexa9_0/lib/xil_sleepcommon.o ps7_cortexa9_0/lib/xil_sleeptimer.o ps7_cortexa9_0/lib/xil_spinlock.o 
TRACE::2026-08-09.09:01:14::SCWBDomain::ps7_cortexa9_0/lib/xil_testcache.o ps7_cortexa9_0/lib/xil_testio.o ps7_cortexa9_0/lib/xil_testmem.o ps7_cortexa9_0/lib/xil_util
TRACE::2026-08-09.09:01:14::SCWBDomain::.o ps7_cortexa9_0/lib/xinterrupt_wrap.o ps7_cortexa9_0/lib/xl2cc_counter.o ps7_cortexa9_0/lib/xplatform_info.o ps7_cortexa9_0/l
TRACE::2026-08-09.09:01:14::SCWBDomain::ib/xpm_counter.o ps7_cortexa9_0/lib/xpm_init.o ps7_cortexa9_0/lib/xscugic.o ps7_cortexa9_0/lib/xscugic_g.o ps7_cortexa9_0/lib/x
TRACE::2026-08-09.09:01:14::SCWBDomain::scugic_hw.o ps7_cortexa9_0/lib/xscugic_intr.o ps7_cortexa9_0/lib/xscugic_selftest.o ps7_cortexa9_0/lib/xscugic_sinit.o ps7_cort
TRACE::2026-08-09.09:01:14::SCWBDomain::exa9_0/lib/xscutimer.o ps7_cortexa9_0/lib/xscutimer_g.o ps7_cortexa9_0/lib/xscutimer_selftest.o ps7_cortexa9_0/lib/xscutimer_si
TRACE::2026-08-09.09:01:14::SCWBDomain::nit.o ps7_cortexa9_0/lib/xscuwdt.o ps7_cortexa9_0/lib/xscuwdt_g.o ps7_cortexa9_0/lib/xscuwdt_selftest.o ps7_cortexa9_0/lib/xscu
TRACE::2026-08-09.09:01:14::SCWBDomain::wdt_sinit.o ps7_cortexa9_0/lib/xtime_l.o ps7_cortexa9_0/lib/xuartps.o ps7_cortexa9_0/lib/xuartps_g.o ps7_cortexa9_0/lib/xuartps
TRACE::2026-08-09.09:01:14::SCWBDomain::_hw.o ps7_cortexa9_0/lib/xuartps_intr.o ps7_cortexa9_0/lib/xuartps_options.o ps7_cortexa9_0/lib/xuartps_selftest.o ps7_cortexa9
TRACE::2026-08-09.09:01:14::SCWBDomain::_0/lib/xuartps_sinit.o

TRACE::2026-08-09.09:01:14::SCWBDomain::'Finished building libraries'

TRACE::2026-08-09.09:01:14::SCWBDomain::make: Leaving directory 'D:/projects/sdr200/Soft/Z7010/PS/front_ps/zynq_fsbl/zynq_fsbl_bsp'

TRACE::2026-08-09.09:01:14::SCWBDomain::arm-none-eabi-gcc  -O2 -c -MMD -MP       -mcpu=cortex-a9 -mfpu=vfpv3 -mfloat-abi=hard  -c sd.c -o sd.o -Izynq_fsbl_bsp/ps7_cort
TRACE::2026-08-09.09:01:14::SCWBDomain::exa9_0/include -I.

TRACE::2026-08-09.09:01:14::SCWBDomain::arm-none-eabi-gcc  -O2 -c -MMD -MP       -mcpu=cortex-a9 -mfpu=vfpv3 -mfloat-abi=hard  -c nand.c -o nand.o -Izynq_fsbl_bsp/ps7_
TRACE::2026-08-09.09:01:14::SCWBDomain::cortexa9_0/include -I.

TRACE::2026-08-09.09:01:14::SCWBDomain::arm-none-eabi-gcc  -O2 -c -MMD -MP       -mcpu=cortex-a9 -mfpu=vfpv3 -mfloat-abi=hard  -c nor.c -o nor.o -Izynq_fsbl_bsp/ps7_co
TRACE::2026-08-09.09:01:14::SCWBDomain::rtexa9_0/include -I.

TRACE::2026-08-09.09:01:15::SCWBDomain::arm-none-eabi-gcc  -O2 -c -MMD -MP       -mcpu=cortex-a9 -mfpu=vfpv3 -mfloat-abi=hard  -c image_mover.c -o image_mover.o -Izynq
TRACE::2026-08-09.09:01:15::SCWBDomain::_fsbl_bsp/ps7_cortexa9_0/include -I.

TRACE::2026-08-09.09:01:15::SCWBDomain::arm-none-eabi-gcc  -O2 -c -MMD -MP       -mcpu=cortex-a9 -mfpu=vfpv3 -mfloat-abi=hard  -c md5.c -o md5.o -Izynq_fsbl_bsp/ps7_co
TRACE::2026-08-09.09:01:15::SCWBDomain::rtexa9_0/include -I.

TRACE::2026-08-09.09:01:15::SCWBDomain::arm-none-eabi-gcc  -O2 -c -MMD -MP       -mcpu=cortex-a9 -mfpu=vfpv3 -mfloat-abi=hard  -c fsbl_hooks.c -o fsbl_hooks.o -Izynq_f
TRACE::2026-08-09.09:01:15::SCWBDomain::sbl_bsp/ps7_cortexa9_0/include -I.

TRACE::2026-08-09.09:01:15::SCWBDomain::arm-none-eabi-gcc  -O2 -c -MMD -MP       -mcpu=cortex-a9 -mfpu=vfpv3 -mfloat-abi=hard  -c main.c -o main.o -Izynq_fsbl_bsp/ps7_
TRACE::2026-08-09.09:01:15::SCWBDomain::cortexa9_0/include -I.

TRACE::2026-08-09.09:01:15::SCWBDomain::arm-none-eabi-gcc  -O2 -c -MMD -MP       -mcpu=cortex-a9 -mfpu=vfpv3 -mfloat-abi=hard  -c rsa.c -o rsa.o -Izynq_fsbl_bsp/ps7_co
TRACE::2026-08-09.09:01:15::SCWBDomain::rtexa9_0/include -I.

TRACE::2026-08-09.09:01:15::SCWBDomain::arm-none-eabi-gcc  -O2 -c -MMD -MP       -mcpu=cortex-a9 -mfpu=vfpv3 -mfloat-abi=hard  -c qspi.c -o qspi.o -Izynq_fsbl_bsp/ps7_
TRACE::2026-08-09.09:01:15::SCWBDomain::cortexa9_0/include -I.

TRACE::2026-08-09.09:01:15::SCWBDomain::arm-none-eabi-gcc  -O2 -c -MMD -MP       -mcpu=cortex-a9 -mfpu=vfpv3 -mfloat-abi=hard  -c ps7_init.c -o ps7_init.o -Izynq_fsbl_
TRACE::2026-08-09.09:01:15::SCWBDomain::bsp/ps7_cortexa9_0/include -I.

TRACE::2026-08-09.09:01:15::SCWBDomain::arm-none-eabi-gcc  -O2 -c -MMD -MP       -mcpu=cortex-a9 -mfpu=vfpv3 -mfloat-abi=hard  -c pcap.c -o pcap.o -Izynq_fsbl_bsp/ps7_
TRACE::2026-08-09.09:01:15::SCWBDomain::cortexa9_0/include -I.

TRACE::2026-08-09.09:01:15::SCWBDomain::arm-none-eabi-gcc  -O2 -c -MMD -MP       -mcpu=cortex-a9 -mfpu=vfpv3 -mfloat-abi=hard  -c fsbl_handoff.S -o fsbl_handoff.o -Izy
TRACE::2026-08-09.09:01:15::SCWBDomain::nq_fsbl_bsp/ps7_cortexa9_0/include -I.

TRACE::2026-08-09.09:01:15::SCWBDomain::arm-none-eabi-gcc -o fsbl.elf fsbl_handoff.o fsbl_hooks.o image_mover.o main.o md5.o nand.o nor.o pcap.o ps7_init.o qspi.o rsa.
TRACE::2026-08-09.09:01:15::SCWBDomain::o sd.o -MMD -MP       -mcpu=cortex-a9 -mfpu=vfpv3 -mfloat-abi=hard   -mcpu=cortex-a9 -mfpu=vfpv3 -mfloat-abi=hard -Wl,-build-id
TRACE::2026-08-09.09:01:15::SCWBDomain::=none -specs=Xilinx.spec  -lrsa -Wl,--start-group,-lxil,-lgcc,-lc,--end-group -Wl,--start-group,-lxilffs,-lxil,-lgcc,-lc,--end-
TRACE::2026-08-09.09:01:15::SCWBDomain::group -Wl,--start-group,-lrsa,-lxil,-lgcc,-lc,--end-group                                 -Wl,--gc-sections -Lzynq_fsbl_bsp/ps7
TRACE::2026-08-09.09:01:15::SCWBDomain::_cortexa9_0/lib -L./ -Tlscript.ld

LOG::2026-08-09.09:01:16::SCWSystem::Checking the domain freertos10_xilinx_domain
LOG::2026-08-09.09:01:16::SCWSystem::Not a boot domain 
LOG::2026-08-09.09:01:16::SCWSystem::Started Processing the domain freertos10_xilinx_domain
TRACE::2026-08-09.09:01:16::SCWDomain::Generating domain artifcats
TRACE::2026-08-09.09:01:16::SCWMssOS::Generating standalone artifcats
TRACE::2026-08-09.09:01:16::SCWMssOS::Copying the qemu file from  D:/projects/sdr200/Soft/Z7010/PS/front_ps/resources/front_ps/freertos10_xilinx_domain/qemu_args.txt To D:/projects/sdr200/Soft/Z7010/PS/front_ps/export/front_ps/sw/front_ps/qemu/
TRACE::2026-08-09.09:01:16::SCWMssOS::Copying the qemu file from  D:/projects/sdr200/Soft/Z7010/PS/front_ps/resources/front_ps/freertos10_xilinx_domain/qemu_args.txt To D:/projects/sdr200/Soft/Z7010/PS/front_ps/export/front_ps/sw/front_ps/freertos10_xilinx_domain/qemu/
TRACE::2026-08-09.09:01:16::SCWMssOS:: Copying the user libraries. 
TRACE::2026-08-09.09:01:16::SCWPlatform::Trying to open the hw design at D:/projects/sdr200/Soft/Z7010/PS/front_ps/hw/front_wrapper.xsa
TRACE::2026-08-09.09:01:16::SCWPlatform::DSA given D:/projects/sdr200/Soft/Z7010/PS/front_ps/hw/front_wrapper.xsa
TRACE::2026-08-09.09:01:16::SCWPlatform::DSA absoulate path D:/projects/sdr200/Soft/Z7010/PS/front_ps/hw/front_wrapper.xsa
TRACE::2026-08-09.09:01:16::SCWPlatform::DSA directory D:/projects/sdr200/Soft/Z7010/PS/front_ps/hw
TRACE::2026-08-09.09:01:16::SCWPlatform:: Platform Path D:/projects/sdr200/Soft/Z7010/PS/front_ps/hw/front_wrapper.xsa
TRACE::2026-08-09.09:01:16::SCWPlatform:: Unique name xilinx:::0.0
TRACE::2026-08-09.09:01:16::SCWPlatform::Trying to set the existing hwdb with name front_wrapper_7
TRACE::2026-08-09.09:01:16::SCWPlatform::Opened existing hwdb front_wrapper_7
TRACE::2026-08-09.09:01:16::SCWPlatform::Found the Hw Db part of the input DSA
TRACE::2026-08-09.09:01:16::SCWMssOS::Checking the sw design at  D:/projects/sdr200/Soft/Z7010/PS/front_ps/ps7_cortexa9_0/freertos10_xilinx_domain/bsp/system.mss
TRACE::2026-08-09.09:01:16::SCWMssOS::DEBUG:  swdes dump  D:/projects/sdr200/Soft/Z7010/PS/front_ps/zynq_fsbl/zynq_fsbl_bsp/system.mss|system_0||

TRACE::2026-08-09.09:01:16::SCWMssOS::No sw design opened at  D:/projects/sdr200/Soft/Z7010/PS/front_ps/ps7_cortexa9_0/freertos10_xilinx_domain/bsp/system.mss
TRACE::2026-08-09.09:01:16::SCWMssOS::mss exists loading the mss file  D:/projects/sdr200/Soft/Z7010/PS/front_ps/ps7_cortexa9_0/freertos10_xilinx_domain/bsp/system.mss
TRACE::2026-08-09.09:01:16::SCWMssOS::Opened the sw design from mss  D:/projects/sdr200/Soft/Z7010/PS/front_ps/ps7_cortexa9_0/freertos10_xilinx_domain/bsp/system.mss
TRACE::2026-08-09.09:01:16::SCWMssOS::Adding the swdes entry D:/projects/sdr200/Soft/Z7010/PS/front_ps/ps7_cortexa9_0/freertos10_xilinx_domain/bsp/system.mss with des name system
TRACE::2026-08-09.09:01:16::SCWMssOS::updating the scw layer about changes
TRACE::2026-08-09.09:01:16::SCWMssOS::Opened the sw design.  D:/projects/sdr200/Soft/Z7010/PS/front_ps/ps7_cortexa9_0/freertos10_xilinx_domain/bsp/system.mss
TRACE::2026-08-09.09:01:16::SCWMssOS::Completed writing the mss file at D:/projects/sdr200/Soft/Z7010/PS/front_ps/ps7_cortexa9_0/freertos10_xilinx_domain/bsp
TRACE::2026-08-09.09:01:16::SCWMssOS::Mss edits present, copying mssfile into export location D:/projects/sdr200/Soft/Z7010/PS/front_ps/ps7_cortexa9_0/freertos10_xilinx_domain/bsp/system.mss
TRACE::2026-08-09.09:01:16::SCWMssOS::bsp generated is upto date with the mss file. Skipping bsp generation.
TRACE::2026-08-09.09:01:16::SCWMssOS::BSP is already built. skipping the bsp build ... 
TRACE::2026-08-09.09:01:16::SCWDomain::Building the domain as part of full build :  freertos10_xilinx_domain
TRACE::2026-08-09.09:01:16::SCWMssOS::doing bsp build ... 
TRACE::2026-08-09.09:01:16::SCWMssOS::System Command Ran  D: & cd  D:/projects/sdr200/Soft/Z7010/PS/front_ps/ps7_cortexa9_0/freertos10_xilinx_domain/bsp & make 
TRACE::2026-08-09.09:01:16::SCWMssOS::make --no-print-directory seq_libs

TRACE::2026-08-09.09:01:16::SCWMssOS::'Finished building libraries sequentially.'

TRACE::2026-08-09.09:01:16::SCWMssOS::make -j 10 --no-print-directory par_libs

TRACE::2026-08-09.09:01:16::SCWMssOS::"Running Make include in ps7_cortexa9_0/libsrc/coresightps_dcc_v1_9/src"

TRACE::2026-08-09.09:01:16::SCWMssOS::make -C ps7_cortexa9_0/libsrc/coresightps_dcc_v1_9/src -s include  "SHELL=CMD" "COMPILER=arm-none-eabi-gcc" "ASSEMBLER=arm-none
TRACE::2026-08-09.09:01:16::SCWMssOS::-eabi-as" "ARCHIVER=arm-none-eabi-ar" "COMPILER_FLAGS=  -O2 -c" "EXTRA_COMPILER_FLAGS=-mcpu=cortex-a9 -mfpu=vfpv3 -mfloat-abi=h
TRACE::2026-08-09.09:01:16::SCWMssOS::ard -nostartfiles -g -Wall -Wextra -fno-tree-loop-distribute-patterns"

TRACE::2026-08-09.09:01:16::SCWMssOS::"Running Make include in ps7_cortexa9_0/libsrc/cpu_cortexa9_v2_12/src"

TRACE::2026-08-09.09:01:16::SCWMssOS::make -C ps7_cortexa9_0/libsrc/cpu_cortexa9_v2_12/src -s include  "SHELL=CMD" "COMPILER=arm-none-eabi-gcc" "ASSEMBLER=arm-none-e
TRACE::2026-08-09.09:01:16::SCWMssOS::abi-as" "ARCHIVER=arm-none-eabi-ar" "COMPILER_FLAGS=  -O2 -c" "EXTRA_COMPILER_FLAGS=-mcpu=cortex-a9 -mfpu=vfpv3 -mfloat-abi=har
TRACE::2026-08-09.09:01:16::SCWMssOS::d -nostartfiles -g -Wall -Wextra -fno-tree-loop-distribute-patterns"

TRACE::2026-08-09.09:01:16::SCWMssOS::"Running Make include in ps7_cortexa9_0/libsrc/ddrps_v1_2/src"

TRACE::2026-08-09.09:01:16::SCWMssOS::make -C ps7_cortexa9_0/libsrc/ddrps_v1_2/src -s include  "SHELL=CMD" "COMPILER=arm-none-eabi-gcc" "ASSEMBLER=arm-none-eabi-as" 
TRACE::2026-08-09.09:01:16::SCWMssOS::"ARCHIVER=arm-none-eabi-ar" "COMPILER_FLAGS=  -O2 -c" "EXTRA_COMPILER_FLAGS=-mcpu=cortex-a9 -mfpu=vfpv3 -mfloat-abi=hard -nosta
TRACE::2026-08-09.09:01:16::SCWMssOS::rtfiles -g -Wall -Wextra -fno-tree-loop-distribute-patterns"

TRACE::2026-08-09.09:01:16::SCWMssOS::"Running Make include in ps7_cortexa9_0/libsrc/devcfg_v3_8/src"

TRACE::2026-08-09.09:01:16::SCWMssOS::make -C ps7_cortexa9_0/libsrc/devcfg_v3_8/src -s include  "SHELL=CMD" "COMPILER=arm-none-eabi-gcc" "ASSEMBLER=arm-none-eabi-as"
TRACE::2026-08-09.09:01:16::SCWMssOS:: "ARCHIVER=arm-none-eabi-ar" "COMPILER_FLAGS=  -O2 -c" "EXTRA_COMPILER_FLAGS=-mcpu=cortex-a9 -mfpu=vfpv3 -mfloat-abi=hard -nost
TRACE::2026-08-09.09:01:16::SCWMssOS::artfiles -g -Wall -Wextra -fno-tree-loop-distribute-patterns"

TRACE::2026-08-09.09:01:16::SCWMssOS::"Running Make include in ps7_cortexa9_0/libsrc/dmaps_v2_9/src"

TRACE::2026-08-09.09:01:16::SCWMssOS::make -C ps7_cortexa9_0/libsrc/dmaps_v2_9/src -s include  "SHELL=CMD" "COMPILER=arm-none-eabi-gcc" "ASSEMBLER=arm-none-eabi-as" 
TRACE::2026-08-09.09:01:16::SCWMssOS::"ARCHIVER=arm-none-eabi-ar" "COMPILER_FLAGS=  -O2 -c" "EXTRA_COMPILER_FLAGS=-mcpu=cortex-a9 -mfpu=vfpv3 -mfloat-abi=hard -nosta
TRACE::2026-08-09.09:01:16::SCWMssOS::rtfiles -g -Wall -Wextra -fno-tree-loop-distribute-patterns"

TRACE::2026-08-09.09:01:16::SCWMssOS::"Running Make include in ps7_cortexa9_0/libsrc/freertos10_xilinx_v1_14/src"

TRACE::2026-08-09.09:01:16::SCWMssOS::make -C ps7_cortexa9_0/libsrc/freertos10_xilinx_v1_14/src -s include  "SHELL=CMD" "COMPILER=arm-none-eabi-gcc" "ASSEMBLER=arm-n
TRACE::2026-08-09.09:01:16::SCWMssOS::one-eabi-as" "ARCHIVER=arm-none-eabi-ar" "COMPILER_FLAGS=  -O2 -c" "EXTRA_COMPILER_FLAGS=-mcpu=cortex-a9 -mfpu=vfpv3 -mfloat-ab
TRACE::2026-08-09.09:01:16::SCWMssOS::i=hard -nostartfiles -g -Wall -Wextra -fno-tree-loop-distribute-patterns"

TRACE::2026-08-09.09:01:16::SCWMssOS::"Running Make include in ps7_cortexa9_0/libsrc/gpiops_v3_12/src"

TRACE::2026-08-09.09:01:16::SCWMssOS::make -C ps7_cortexa9_0/libsrc/gpiops_v3_12/src -s include  "SHELL=CMD" "COMPILER=arm-none-eabi-gcc" "ASSEMBLER=arm-none-eabi-as
TRACE::2026-08-09.09:01:16::SCWMssOS::" "ARCHIVER=arm-none-eabi-ar" "COMPILER_FLAGS=  -O2 -c" "EXTRA_COMPILER_FLAGS=-mcpu=cortex-a9 -mfpu=vfpv3 -mfloat-abi=hard -nos
TRACE::2026-08-09.09:01:16::SCWMssOS::tartfiles -g -Wall -Wextra -fno-tree-loop-distribute-patterns"

TRACE::2026-08-09.09:01:16::SCWMssOS::"Running Make include in ps7_cortexa9_0/libsrc/iicps_v3_18/src"

TRACE::2026-08-09.09:01:16::SCWMssOS::make -C ps7_cortexa9_0/libsrc/iicps_v3_18/src -s include  "SHELL=CMD" "COMPILER=arm-none-eabi-gcc" "ASSEMBLER=arm-none-eabi-as"
TRACE::2026-08-09.09:01:16::SCWMssOS:: "ARCHIVER=arm-none-eabi-ar" "COMPILER_FLAGS=  -O2 -c" "EXTRA_COMPILER_FLAGS=-mcpu=cortex-a9 -mfpu=vfpv3 -mfloat-abi=hard -nost
TRACE::2026-08-09.09:01:16::SCWMssOS::artfiles -g -Wall -Wextra -fno-tree-loop-distribute-patterns"

TRACE::2026-08-09.09:01:16::SCWMssOS::"Running Make include in ps7_cortexa9_0/libsrc/scugic_v5_2/src"

TRACE::2026-08-09.09:01:16::SCWMssOS::make -C ps7_cortexa9_0/libsrc/scugic_v5_2/src -s include  "SHELL=CMD" "COMPILER=arm-none-eabi-gcc" "ASSEMBLER=arm-none-eabi-as"
TRACE::2026-08-09.09:01:16::SCWMssOS:: "ARCHIVER=arm-none-eabi-ar" "COMPILER_FLAGS=  -O2 -c" "EXTRA_COMPILER_FLAGS=-mcpu=cortex-a9 -mfpu=vfpv3 -mfloat-abi=hard -nost
TRACE::2026-08-09.09:01:16::SCWMssOS::artfiles -g -Wall -Wextra -fno-tree-loop-distribute-patterns"

TRACE::2026-08-09.09:01:16::SCWMssOS::"Running Make include in ps7_cortexa9_0/libsrc/scutimer_v2_5/src"

TRACE::2026-08-09.09:01:16::SCWMssOS::make -C ps7_cortexa9_0/libsrc/scutimer_v2_5/src -s include  "SHELL=CMD" "COMPILER=arm-none-eabi-gcc" "ASSEMBLER=arm-none-eabi-a
TRACE::2026-08-09.09:01:16::SCWMssOS::s" "ARCHIVER=arm-none-eabi-ar" "COMPILER_FLAGS=  -O2 -c" "EXTRA_COMPILER_FLAGS=-mcpu=cortex-a9 -mfpu=vfpv3 -mfloat-abi=hard -no
TRACE::2026-08-09.09:01:16::SCWMssOS::startfiles -g -Wall -Wextra -fno-tree-loop-distribute-patterns"

TRACE::2026-08-09.09:01:16::SCWMssOS::"Running Make include in ps7_cortexa9_0/libsrc/scuwdt_v2_5/src"

TRACE::2026-08-09.09:01:16::SCWMssOS::make -C ps7_cortexa9_0/libsrc/scuwdt_v2_5/src -s include  "SHELL=CMD" "COMPILER=arm-none-eabi-gcc" "ASSEMBLER=arm-none-eabi-as"
TRACE::2026-08-09.09:01:16::SCWMssOS:: "ARCHIVER=arm-none-eabi-ar" "COMPILER_FLAGS=  -O2 -c" "EXTRA_COMPILER_FLAGS=-mcpu=cortex-a9 -mfpu=vfpv3 -mfloat-abi=hard -nost
TRACE::2026-08-09.09:01:16::SCWMssOS::artfiles -g -Wall -Wextra -fno-tree-loop-distribute-patterns"

TRACE::2026-08-09.09:01:16::SCWMssOS::"Running Make include in ps7_cortexa9_0/libsrc/uartps_v3_13/src"

TRACE::2026-08-09.09:01:16::SCWMssOS::make -C ps7_cortexa9_0/libsrc/uartps_v3_13/src -s include  "SHELL=CMD" "COMPILER=arm-none-eabi-gcc" "ASSEMBLER=arm-none-eabi-as
TRACE::2026-08-09.09:01:16::SCWMssOS::" "ARCHIVER=arm-none-eabi-ar" "COMPILER_FLAGS=  -O2 -c" "EXTRA_COMPILER_FLAGS=-mcpu=cortex-a9 -mfpu=vfpv3 -mfloat-abi=hard -nos
TRACE::2026-08-09.09:01:16::SCWMssOS::tartfiles -g -Wall -Wextra -fno-tree-loop-distribute-patterns"

TRACE::2026-08-09.09:01:16::SCWMssOS::"Running Make include in ps7_cortexa9_0/libsrc/xadcps_v2_7/src"

TRACE::2026-08-09.09:01:16::SCWMssOS::make -C ps7_cortexa9_0/libsrc/xadcps_v2_7/src -s include  "SHELL=CMD" "COMPILER=arm-none-eabi-gcc" "ASSEMBLER=arm-none-eabi-as"
TRACE::2026-08-09.09:01:16::SCWMssOS:: "ARCHIVER=arm-none-eabi-ar" "COMPILER_FLAGS=  -O2 -c" "EXTRA_COMPILER_FLAGS=-mcpu=cortex-a9 -mfpu=vfpv3 -mfloat-abi=hard -nost
TRACE::2026-08-09.09:01:16::SCWMssOS::artfiles -g -Wall -Wextra -fno-tree-loop-distribute-patterns"

TRACE::2026-08-09.09:01:16::SCWMssOS::"includes"

TRACE::2026-08-09.09:01:16::SCWMssOS::"Running Make libs in ps7_cortexa9_0/libsrc/coresightps_dcc_v1_9/src"

TRACE::2026-08-09.09:01:16::SCWMssOS::make -C ps7_cortexa9_0/libsrc/coresightps_dcc_v1_9/src -s libs  "SHELL=CMD" "COMPILER=arm-none-eabi-gcc" "ASSEMBLER=arm-none-ea
TRACE::2026-08-09.09:01:16::SCWMssOS::bi-as" "ARCHIVER=arm-none-eabi-ar" "COMPILER_FLAGS=  -O2 -c" "EXTRA_COMPILER_FLAGS=-mcpu=cortex-a9 -mfpu=vfpv3 -mfloat-abi=hard
TRACE::2026-08-09.09:01:16::SCWMssOS:: -nostartfiles -g -Wall -Wextra -fno-tree-loop-distribute-patterns"

TRACE::2026-08-09.09:01:16::SCWMssOS::"Running Make libs in ps7_cortexa9_0/libsrc/cpu_cortexa9_v2_12/src"

TRACE::2026-08-09.09:01:16::SCWMssOS::make -C ps7_cortexa9_0/libsrc/cpu_cortexa9_v2_12/src -s libs  "SHELL=CMD" "COMPILER=arm-none-eabi-gcc" "ASSEMBLER=arm-none-eabi
TRACE::2026-08-09.09:01:16::SCWMssOS::-as" "ARCHIVER=arm-none-eabi-ar" "COMPILER_FLAGS=  -O2 -c" "EXTRA_COMPILER_FLAGS=-mcpu=cortex-a9 -mfpu=vfpv3 -mfloat-abi=hard -
TRACE::2026-08-09.09:01:16::SCWMssOS::nostartfiles -g -Wall -Wextra -fno-tree-loop-distribute-patterns"

TRACE::2026-08-09.09:01:17::SCWMssOS::"Running Make libs in ps7_cortexa9_0/libsrc/ddrps_v1_2/src"

TRACE::2026-08-09.09:01:17::SCWMssOS::make -C ps7_cortexa9_0/libsrc/ddrps_v1_2/src -s libs  "SHELL=CMD" "COMPILER=arm-none-eabi-gcc" "ASSEMBLER=arm-none-eabi-as" "AR
TRACE::2026-08-09.09:01:17::SCWMssOS::CHIVER=arm-none-eabi-ar" "COMPILER_FLAGS=  -O2 -c" "EXTRA_COMPILER_FLAGS=-mcpu=cortex-a9 -mfpu=vfpv3 -mfloat-abi=hard -nostartf
TRACE::2026-08-09.09:01:17::SCWMssOS::iles -g -Wall -Wextra -fno-tree-loop-distribute-patterns"

TRACE::2026-08-09.09:01:17::SCWMssOS::"Running Make libs in ps7_cortexa9_0/libsrc/devcfg_v3_8/src"

TRACE::2026-08-09.09:01:17::SCWMssOS::make -C ps7_cortexa9_0/libsrc/devcfg_v3_8/src -s libs  "SHELL=CMD" "COMPILER=arm-none-eabi-gcc" "ASSEMBLER=arm-none-eabi-as" "A
TRACE::2026-08-09.09:01:17::SCWMssOS::RCHIVER=arm-none-eabi-ar" "COMPILER_FLAGS=  -O2 -c" "EXTRA_COMPILER_FLAGS=-mcpu=cortex-a9 -mfpu=vfpv3 -mfloat-abi=hard -nostart
TRACE::2026-08-09.09:01:17::SCWMssOS::files -g -Wall -Wextra -fno-tree-loop-distribute-patterns"

TRACE::2026-08-09.09:01:17::SCWMssOS::"Running Make libs in ps7_cortexa9_0/libsrc/dmaps_v2_9/src"

TRACE::2026-08-09.09:01:17::SCWMssOS::make -C ps7_cortexa9_0/libsrc/dmaps_v2_9/src -s libs  "SHELL=CMD" "COMPILER=arm-none-eabi-gcc" "ASSEMBLER=arm-none-eabi-as" "AR
TRACE::2026-08-09.09:01:17::SCWMssOS::CHIVER=arm-none-eabi-ar" "COMPILER_FLAGS=  -O2 -c" "EXTRA_COMPILER_FLAGS=-mcpu=cortex-a9 -mfpu=vfpv3 -mfloat-abi=hard -nostartf
TRACE::2026-08-09.09:01:17::SCWMssOS::iles -g -Wall -Wextra -fno-tree-loop-distribute-patterns"

TRACE::2026-08-09.09:01:17::SCWMssOS::"Running Make libs in ps7_cortexa9_0/libsrc/freertos10_xilinx_v1_14/src"

TRACE::2026-08-09.09:01:17::SCWMssOS::make -C ps7_cortexa9_0/libsrc/freertos10_xilinx_v1_14/src -s libs  "SHELL=CMD" "COMPILER=arm-none-eabi-gcc" "ASSEMBLER=arm-none
TRACE::2026-08-09.09:01:17::SCWMssOS::-eabi-as" "ARCHIVER=arm-none-eabi-ar" "COMPILER_FLAGS=  -O2 -c" "EXTRA_COMPILER_FLAGS=-mcpu=cortex-a9 -mfpu=vfpv3 -mfloat-abi=h
TRACE::2026-08-09.09:01:17::SCWMssOS::ard -nostartfiles -g -Wall -Wextra -fno-tree-loop-distribute-patterns"

TRACE::2026-08-09.09:01:17::SCWMssOS::"Running Make libs in ps7_cortexa9_0/libsrc/gpiops_v3_12/src"

TRACE::2026-08-09.09:01:17::SCWMssOS::make -C ps7_cortexa9_0/libsrc/gpiops_v3_12/src -s libs  "SHELL=CMD" "COMPILER=arm-none-eabi-gcc" "ASSEMBLER=arm-none-eabi-as" "
TRACE::2026-08-09.09:01:17::SCWMssOS::ARCHIVER=arm-none-eabi-ar" "COMPILER_FLAGS=  -O2 -c" "EXTRA_COMPILER_FLAGS=-mcpu=cortex-a9 -mfpu=vfpv3 -mfloat-abi=hard -nostar
TRACE::2026-08-09.09:01:17::SCWMssOS::tfiles -g -Wall -Wextra -fno-tree-loop-distribute-patterns"

TRACE::2026-08-09.09:01:17::SCWMssOS::"Running Make libs in ps7_cortexa9_0/libsrc/iicps_v3_18/src"

TRACE::2026-08-09.09:01:17::SCWMssOS::make -C ps7_cortexa9_0/libsrc/iicps_v3_18/src -s libs  "SHELL=CMD" "COMPILER=arm-none-eabi-gcc" "ASSEMBLER=arm-none-eabi-as" "A
TRACE::2026-08-09.09:01:17::SCWMssOS::RCHIVER=arm-none-eabi-ar" "COMPILER_FLAGS=  -O2 -c" "EXTRA_COMPILER_FLAGS=-mcpu=cortex-a9 -mfpu=vfpv3 -mfloat-abi=hard -nostart
TRACE::2026-08-09.09:01:17::SCWMssOS::files -g -Wall -Wextra -fno-tree-loop-distribute-patterns"

TRACE::2026-08-09.09:01:17::SCWMssOS::"Running Make libs in ps7_cortexa9_0/libsrc/scugic_v5_2/src"

TRACE::2026-08-09.09:01:17::SCWMssOS::make -C ps7_cortexa9_0/libsrc/scugic_v5_2/src -s libs  "SHELL=CMD" "COMPILER=arm-none-eabi-gcc" "ASSEMBLER=arm-none-eabi-as" "A
TRACE::2026-08-09.09:01:17::SCWMssOS::RCHIVER=arm-none-eabi-ar" "COMPILER_FLAGS=  -O2 -c" "EXTRA_COMPILER_FLAGS=-mcpu=cortex-a9 -mfpu=vfpv3 -mfloat-abi=hard -nostart
TRACE::2026-08-09.09:01:17::SCWMssOS::files -g -Wall -Wextra -fno-tree-loop-distribute-patterns"

TRACE::2026-08-09.09:01:17::SCWMssOS::"Running Make libs in ps7_cortexa9_0/libsrc/scutimer_v2_5/src"

TRACE::2026-08-09.09:01:17::SCWMssOS::make -C ps7_cortexa9_0/libsrc/scutimer_v2_5/src -s libs  "SHELL=CMD" "COMPILER=arm-none-eabi-gcc" "ASSEMBLER=arm-none-eabi-as" 
TRACE::2026-08-09.09:01:17::SCWMssOS::"ARCHIVER=arm-none-eabi-ar" "COMPILER_FLAGS=  -O2 -c" "EXTRA_COMPILER_FLAGS=-mcpu=cortex-a9 -mfpu=vfpv3 -mfloat-abi=hard -nosta
TRACE::2026-08-09.09:01:17::SCWMssOS::rtfiles -g -Wall -Wextra -fno-tree-loop-distribute-patterns"

TRACE::2026-08-09.09:01:17::SCWMssOS::"Running Make libs in ps7_cortexa9_0/libsrc/scuwdt_v2_5/src"

TRACE::2026-08-09.09:01:17::SCWMssOS::make -C ps7_cortexa9_0/libsrc/scuwdt_v2_5/src -s libs  "SHELL=CMD" "COMPILER=arm-none-eabi-gcc" "ASSEMBLER=arm-none-eabi-as" "A
TRACE::2026-08-09.09:01:17::SCWMssOS::RCHIVER=arm-none-eabi-ar" "COMPILER_FLAGS=  -O2 -c" "EXTRA_COMPILER_FLAGS=-mcpu=cortex-a9 -mfpu=vfpv3 -mfloat-abi=hard -nostart
TRACE::2026-08-09.09:01:17::SCWMssOS::files -g -Wall -Wextra -fno-tree-loop-distribute-patterns"

TRACE::2026-08-09.09:01:17::SCWMssOS::"Running Make libs in ps7_cortexa9_0/libsrc/uartps_v3_13/src"

TRACE::2026-08-09.09:01:17::SCWMssOS::make -C ps7_cortexa9_0/libsrc/uartps_v3_13/src -s libs  "SHELL=CMD" "COMPILER=arm-none-eabi-gcc" "ASSEMBLER=arm-none-eabi-as" "
TRACE::2026-08-09.09:01:17::SCWMssOS::ARCHIVER=arm-none-eabi-ar" "COMPILER_FLAGS=  -O2 -c" "EXTRA_COMPILER_FLAGS=-mcpu=cortex-a9 -mfpu=vfpv3 -mfloat-abi=hard -nostar
TRACE::2026-08-09.09:01:17::SCWMssOS::tfiles -g -Wall -Wextra -fno-tree-loop-distribute-patterns"

TRACE::2026-08-09.09:01:17::SCWMssOS::"Running Make libs in ps7_cortexa9_0/libsrc/xadcps_v2_7/src"

TRACE::2026-08-09.09:01:17::SCWMssOS::make -C ps7_cortexa9_0/libsrc/xadcps_v2_7/src -s libs  "SHELL=CMD" "COMPILER=arm-none-eabi-gcc" "ASSEMBLER=arm-none-eabi-as" "A
TRACE::2026-08-09.09:01:17::SCWMssOS::RCHIVER=arm-none-eabi-ar" "COMPILER_FLAGS=  -O2 -c" "EXTRA_COMPILER_FLAGS=-mcpu=cortex-a9 -mfpu=vfpv3 -mfloat-abi=hard -nostart
TRACE::2026-08-09.09:01:17::SCWMssOS::files -g -Wall -Wextra -fno-tree-loop-distribute-patterns"

TRACE::2026-08-09.09:01:18::SCWMssOS::'Finished building libraries parallelly.'

TRACE::2026-08-09.09:01:18::SCWMssOS::make --no-print-directory archive

TRACE::2026-08-09.09:01:18::SCWMssOS::arm-none-eabi-ar -r  ps7_cortexa9_0/lib/libxil.a ps7_cortexa9_0/lib/_exit.o ps7_cortexa9_0/lib/_open.o ps7_cortexa9_0/lib/_sbrk
TRACE::2026-08-09.09:01:18::SCWMssOS::.o ps7_cortexa9_0/lib/abort.o ps7_cortexa9_0/lib/boot.o ps7_cortexa9_0/lib/close.o ps7_cortexa9_0/lib/cpputest_time.o ps7_corte
TRACE::2026-08-09.09:01:18::SCWMssOS::xa9_0/lib/cpu_init.o ps7_cortexa9_0/lib/errno.o ps7_cortexa9_0/lib/fcntl.o ps7_cortexa9_0/lib/fstat.o ps7_cortexa9_0/lib/getent
TRACE::2026-08-09.09:01:18::SCWMssOS::ropy.o ps7_cortexa9_0/lib/getpid.o ps7_cortexa9_0/lib/inbyte.o ps7_cortexa9_0/lib/isatty.o ps7_cortexa9_0/lib/kill.o ps7_cortex
TRACE::2026-08-09.09:01:18::SCWMssOS::a9_0/lib/lseek.o ps7_cortexa9_0/lib/open.o ps7_cortexa9_0/lib/outbyte.o ps7_cortexa9_0/lib/print.o ps7_cortexa9_0/lib/putnum.o 
TRACE::2026-08-09.09:01:18::SCWMssOS::ps7_cortexa9_0/lib/read.o ps7_cortexa9_0/lib/sbrk.o ps7_cortexa9_0/lib/sleep.o ps7_cortexa9_0/lib/time.o ps7_cortexa9_0/lib/tra
TRACE::2026-08-09.09:01:18::SCWMssOS::nslation_table.o ps7_cortexa9_0/lib/unlink.o ps7_cortexa9_0/lib/usleep.o ps7_cortexa9_0/lib/vectors.o ps7_cortexa9_0/lib/write.
TRACE::2026-08-09.09:01:18::SCWMssOS::o ps7_cortexa9_0/lib/xadcps.o ps7_cortexa9_0/lib/xadcps_g.o ps7_cortexa9_0/lib/xadcps_intr.o ps7_cortexa9_0/lib/xadcps_selftest
TRACE::2026-08-09.09:01:18::SCWMssOS::.o ps7_cortexa9_0/lib/xadcps_sinit.o ps7_cortexa9_0/lib/xcoresightpsdcc.o ps7_cortexa9_0/lib/xdevcfg.o ps7_cortexa9_0/lib/xdevc
TRACE::2026-08-09.09:01:18::SCWMssOS::fg_g.o ps7_cortexa9_0/lib/xdevcfg_hw.o ps7_cortexa9_0/lib/xdevcfg_intr.o ps7_cortexa9_0/lib/xdevcfg_selftest.o ps7_cortexa9_0/l
TRACE::2026-08-09.09:01:18::SCWMssOS::ib/xdevcfg_sinit.o ps7_cortexa9_0/lib/xdmaps.o ps7_cortexa9_0/lib/xdmaps_g.o ps7_cortexa9_0/lib/xdmaps_hw.o ps7_cortexa9_0/lib/
TRACE::2026-08-09.09:01:18::SCWMssOS::xdmaps_selftest.o ps7_cortexa9_0/lib/xdmaps_sinit.o ps7_cortexa9_0/lib/xgpiops.o ps7_cortexa9_0/lib/xgpiops_g.o ps7_cortexa9_0/
TRACE::2026-08-09.09:01:18::SCWMssOS::lib/xgpiops_hw.o ps7_cortexa9_0/lib/xgpiops_intr.o ps7_cortexa9_0/lib/xgpiops_selftest.o ps7_cortexa9_0/lib/xgpiops_sinit.o ps7
TRACE::2026-08-09.09:01:18::SCWMssOS::_cortexa9_0/lib/xiicps.o ps7_cortexa9_0/lib/xiicps_g.o ps7_cortexa9_0/lib/xiicps_hw.o ps7_cortexa9_0/lib/xiicps_intr.o ps7_cort
TRACE::2026-08-09.09:01:18::SCWMssOS::exa9_0/lib/xiicps_master.o ps7_cortexa9_0/lib/xiicps_options.o ps7_cortexa9_0/lib/xiicps_selftest.o ps7_cortexa9_0/lib/xiicps_s
TRACE::2026-08-09.09:01:18::SCWMssOS::init.o ps7_cortexa9_0/lib/xiicps_slave.o ps7_cortexa9_0/lib/xiicps_xfer.o ps7_cortexa9_0/lib/xil-crt0.o ps7_cortexa9_0/lib/xil_
TRACE::2026-08-09.09:01:18::SCWMssOS::assert.o ps7_cortexa9_0/lib/xil_cache.o ps7_cortexa9_0/lib/xil_clocking.o ps7_cortexa9_0/lib/xil_exception.o ps7_cortexa9_0/lib
TRACE::2026-08-09.09:01:18::SCWMssOS::/xil_mem.o ps7_cortexa9_0/lib/xil_misc_psreset_api.o ps7_cortexa9_0/lib/xil_mmu.o ps7_cortexa9_0/lib/xil_printf.o ps7_cortexa9_
TRACE::2026-08-09.09:01:18::SCWMssOS::0/lib/xil_sleepcommon.o ps7_cortexa9_0/lib/xil_sleeptimer.o ps7_cortexa9_0/lib/xil_spinlock.o ps7_cortexa9_0/lib/xil_testcache.
TRACE::2026-08-09.09:01:18::SCWMssOS::o ps7_cortexa9_0/lib/xil_testio.o ps7_cortexa9_0/lib/xil_testmem.o ps7_cortexa9_0/lib/xil_util.o ps7_cortexa9_0/lib/xinterrupt_
TRACE::2026-08-09.09:01:18::SCWMssOS::wrap.o ps7_cortexa9_0/lib/xl2cc_counter.o ps7_cortexa9_0/lib/xplatform_info.o ps7_cortexa9_0/lib/xpm_counter.o ps7_cortexa9_0/l
TRACE::2026-08-09.09:01:18::SCWMssOS::ib/xpm_init.o ps7_cortexa9_0/lib/xscugic.o ps7_cortexa9_0/lib/xscugic_g.o ps7_cortexa9_0/lib/xscugic_hw.o ps7_cortexa9_0/lib/xs
TRACE::2026-08-09.09:01:18::SCWMssOS::cugic_intr.o ps7_cortexa9_0/lib/xscugic_selftest.o ps7_cortexa9_0/lib/xscugic_sinit.o ps7_cortexa9_0/lib/xscutimer.o ps7_cortex
TRACE::2026-08-09.09:01:18::SCWMssOS::a9_0/lib/xscutimer_g.o ps7_cortexa9_0/lib/xscutimer_selftest.o ps7_cortexa9_0/lib/xscutimer_sinit.o ps7_cortexa9_0/lib/xscuwdt.
TRACE::2026-08-09.09:01:18::SCWMssOS::o ps7_cortexa9_0/lib/xscuwdt_g.o ps7_cortexa9_0/lib/xscuwdt_selftest.o ps7_cortexa9_0/lib/xscuwdt_sinit.o ps7_cortexa9_0/lib/xt
TRACE::2026-08-09.09:01:18::SCWMssOS::ime_l.o ps7_cortexa9_0/lib/xuartps.o ps7_cortexa9_0/lib/xuartps_g.o ps7_cortexa9_0/lib/xuartps_hw.o ps7_cortexa9_0/lib/xuartps_
TRACE::2026-08-09.09:01:18::SCWMssOS::intr.o ps7_cortexa9_0/lib/xuartps_options.o ps7_cortexa9_0/lib/xuartps_selftest.o ps7_cortexa9_0/lib/xuartps_sinit.o

TRACE::2026-08-09.09:01:18::SCWMssOS::'Finished building libraries'

TRACE::2026-08-09.09:01:18::SCWMssOS::Copying to export directory.
TRACE::2026-08-09.09:01:19::SCWMssOS:: Checking if to create the Supporting Applications
TRACE::2026-08-09.09:01:19::SCWMssOS:: No Linux domain exists, trying to generate FSBL 
LOG::2026-08-09.09:01:19::SCWSystem::Completed Processing the domain freertos10_xilinx_domain
LOG::2026-08-09.09:01:19::SCWSystem::Completed Processing the sysconfig front_ps
LOG::2026-08-09.09:01:19::SCWPlatform::Completed generating the artifacts for system configuration front_ps
TRACE::2026-08-09.09:01:19::SCWPlatform::Started preparing the platform 
TRACE::2026-08-09.09:01:19::SCWSystem::Writing the bif file for system config front_ps
TRACE::2026-08-09.09:01:19::SCWSystem::dir created 
TRACE::2026-08-09.09:01:19::SCWSystem::Writing the bif 
TRACE::2026-08-09.09:01:19::SCWPlatform::Started writing the spfm file 
TRACE::2026-08-09.09:01:19::SCWPlatform::Started writing the xpfm file 
TRACE::2026-08-09.09:01:19::SCWPlatform::Completed generating the platform
TRACE::2026-08-09.09:01:19::SCWMssOS::Saving the mss changes D:/projects/sdr200/Soft/Z7010/PS/front_ps/zynq_fsbl/zynq_fsbl_bsp/system.mss
TRACE::2026-08-09.09:01:19::SCWMssOS::Found a swdesign opened with the mssfile.
TRACE::2026-08-09.09:01:19::SCWMssOS::Completed writemss as part of save.
TRACE::2026-08-09.09:01:19::SCWMssOS::Commit changes completed.
TRACE::2026-08-09.09:01:19::SCWMssOS::Saving the mss changes D:/projects/sdr200/Soft/Z7010/PS/front_ps/ps7_cortexa9_0/freertos10_xilinx_domain/bsp/system.mss
TRACE::2026-08-09.09:01:19::SCWMssOS::Found a swdesign opened with the mssfile.
TRACE::2026-08-09.09:01:19::SCWMssOS::Completed writemss as part of save.
TRACE::2026-08-09.09:01:19::SCWMssOS::Commit changes completed.
TRACE::2026-08-09.09:01:19::SCWPlatform::Trying to open the hw design at D:/projects/sdr200/Soft/Z7010/PS/front_ps/hw/front_wrapper.xsa
TRACE::2026-08-09.09:01:19::SCWPlatform::DSA given D:/projects/sdr200/Soft/Z7010/PS/front_ps/hw/front_wrapper.xsa
TRACE::2026-08-09.09:01:19::SCWPlatform::DSA absoulate path D:/projects/sdr200/Soft/Z7010/PS/front_ps/hw/front_wrapper.xsa
TRACE::2026-08-09.09:01:19::SCWPlatform::DSA directory D:/projects/sdr200/Soft/Z7010/PS/front_ps/hw
TRACE::2026-08-09.09:01:19::SCWPlatform:: Platform Path D:/projects/sdr200/Soft/Z7010/PS/front_ps/hw/front_wrapper.xsa
TRACE::2026-08-09.09:01:19::SCWPlatform:: Unique name xilinx:::0.0
TRACE::2026-08-09.09:01:19::SCWPlatform::Trying to set the existing hwdb with name front_wrapper_7
TRACE::2026-08-09.09:01:19::SCWPlatform::Opened existing hwdb front_wrapper_7
TRACE::2026-08-09.09:01:19::SCWPlatform::Found the Hw Db part of the input DSA
TRACE::2026-08-09.09:01:19::SCWMssOS::Checking the sw design at  D:/projects/sdr200/Soft/Z7010/PS/front_ps/zynq_fsbl/zynq_fsbl_bsp/system.mss
TRACE::2026-08-09.09:01:19::SCWMssOS::DEBUG:  swdes dump  D:/projects/sdr200/Soft/Z7010/PS/front_ps/ps7_cortexa9_0/freertos10_xilinx_domain/bsp/system.mss|system||
D:/projects/sdr200/Soft/Z7010/PS/front_ps/zynq_fsbl/zynq_fsbl_bsp/system.mss|system_0||

TRACE::2026-08-09.09:01:19::SCWMssOS::Sw design exists and opened at  D:/projects/sdr200/Soft/Z7010/PS/front_ps/zynq_fsbl/zynq_fsbl_bsp/system.mss
TRACE::2026-08-09.09:01:19::SCWPlatform::Trying to open the hw design at D:/projects/sdr200/Soft/Z7010/PS/front_ps/hw/front_wrapper.xsa
TRACE::2026-08-09.09:01:19::SCWPlatform::DSA given D:/projects/sdr200/Soft/Z7010/PS/front_ps/hw/front_wrapper.xsa
TRACE::2026-08-09.09:01:19::SCWPlatform::DSA absoulate path D:/projects/sdr200/Soft/Z7010/PS/front_ps/hw/front_wrapper.xsa
TRACE::2026-08-09.09:01:19::SCWPlatform::DSA directory D:/projects/sdr200/Soft/Z7010/PS/front_ps/hw
TRACE::2026-08-09.09:01:19::SCWPlatform:: Platform Path D:/projects/sdr200/Soft/Z7010/PS/front_ps/hw/front_wrapper.xsa
TRACE::2026-08-09.09:01:19::SCWPlatform:: Unique name xilinx:::0.0
TRACE::2026-08-09.09:01:19::SCWPlatform::Trying to set the existing hwdb with name front_wrapper_7
TRACE::2026-08-09.09:01:19::SCWPlatform::Opened existing hwdb front_wrapper_7
TRACE::2026-08-09.09:01:19::SCWPlatform::Found the Hw Db part of the input DSA
TRACE::2026-08-09.09:01:19::SCWMssOS::Checking the sw design at  D:/projects/sdr200/Soft/Z7010/PS/front_ps/ps7_cortexa9_0/freertos10_xilinx_domain/bsp/system.mss
TRACE::2026-08-09.09:01:19::SCWMssOS::DEBUG:  swdes dump  D:/projects/sdr200/Soft/Z7010/PS/front_ps/ps7_cortexa9_0/freertos10_xilinx_domain/bsp/system.mss|system||
D:/projects/sdr200/Soft/Z7010/PS/front_ps/zynq_fsbl/zynq_fsbl_bsp/system.mss|system_0||

TRACE::2026-08-09.09:01:19::SCWMssOS::Sw design exists and opened at  D:/projects/sdr200/Soft/Z7010/PS/front_ps/ps7_cortexa9_0/freertos10_xilinx_domain/bsp/system.mss
TRACE::2026-08-09.09:01:19::SCWWriter::formatted JSON is {
	"platformName":	"front_ps",
	"sprVersion":	"2.0",
	"mode":	"gui",
	"dsaType":	"Fixed",
	"platformDesc":	"front_ps",
	"platHandOff":	"D:/projects/sdr200/Soft/Z7010/PL/front_wrapper.xsa",
	"platIntHandOff":	"<platformDir>/hw/front_wrapper.xsa",
	"deviceType":	"zynq",
	"platIsPrebuiltAutogen":	"false",
	"platIsNoBootBsp":	"false",
	"hasFsblMakeHasChanges":	"false",
	"hasPmufwMakeHasChanges":	"false",
	"fsblExtraCompilerFlags":	"-MMD -MP       -mcpu=cortex-a9 -mfpu=vfpv3 -mfloat-abi=hard ",
	"platPreBuiltFlag":	false,
	"platformSamplesDir":	"",
	"platActiveSys":	"front_ps",
	"systems":	[{
			"systemName":	"front_ps",
			"systemDesc":	"front_ps",
			"sysIsBootAutoGen":	"true",
			"systemDispName":	"front_ps",
			"sysActiveDom":	"freertos10_xilinx_domain",
			"sysDefaultDom":	"freertos10_xilinx_domain",
			"domains":	[{
					"domainName":	"zynq_fsbl",
					"domainDispName":	"zynq_fsbl",
					"domainDesc":	"FSBL Application BSP - Auto Generated.",
					"processors":	"ps7_cortexa9_0",
					"os":	"standalone",
					"sdxOs":	"standalone",
					"debugEnable":	"",
					"domRuntimes":	["cpp"],
					"swRepo":	"",
					"mssOsVer":	"9.0",
					"mssFile":	"",
					"md5Digest":	"a9b6d6249b834789d5e5d0d09d85bae0",
					"compatibleApp":	"zynq_fsbl",
					"domType":	"bootDomain",
					"arch":	"32-bit",
					"appSettings":	{
						"appCompilerFlags":	"",
						"appLinkerFlags":	""
					},
					"addedLibs":	["xilffs:5.1", "xilrsa:1.7"],
					"libOptions":	{
						"libsContainingOptions":	[]
					},
					"prebuiltLibs":	{
						"prebuiltIncPath":	[],
						"prebuiltLibPath":	[]
					},
					"isolation":	{
					}
				}, {
					"domainName":	"freertos10_xilinx_domain",
					"domainDispName":	"freertos10_xilinx on ps7_cortexa9_0",
					"domainDesc":	"freertos10_xilinx_domain",
					"processors":	"ps7_cortexa9_0",
					"os":	"freertos10_xilinx",
					"sdxOs":	"freertos10_xilinx",
					"qemuArgs":	"<platformDir>/resources/front_ps/freertos10_xilinx_domain/qemu_args.txt",
					"qemuData":	"<platformDir>/resources/front_ps/freertos10_xilinx_domain/qemu",
					"debugEnable":	"False",
					"domRuntimes":	["cpp"],
					"swRepo":	"",
					"mssOsVer":	"1.14",
					"mssFile":	"",
					"md5Digest":	"8df2d25a21d664edd53fbff9b784769c",
					"compatibleApp":	"",
					"domType":	"mssDomain",
					"appSettings":	{
						"appCompilerFlags":	"",
						"appLinkerFlags":	""
					},
					"addedLibs":	[],
					"libOptions":	{
						"freertos10_xilinx":	{
							"stdin":	"none",
							"stdout":	"none",
							"libOptionNames":	["stdin", "stdout"]
						},
						"libsContainingOptions":	["freertos10_xilinx"]
					},
					"prebuiltLibs":	{
						"prebuiltIncPath":	[],
						"prebuiltLibPath":	[]
					},
					"isolation":	{
					}
				}]
		}]
}
KEYINFO::2026-08-09.09:01:19::SCWPlatform::updated the xpfm file.
TRACE::2026-08-09.09:01:19::SCWPlatform::Trying to open the hw design at D:/projects/sdr200/Soft/Z7010/PS/front_ps/hw/front_wrapper.xsa
TRACE::2026-08-09.09:01:19::SCWPlatform::DSA given D:/projects/sdr200/Soft/Z7010/PS/front_ps/hw/front_wrapper.xsa
TRACE::2026-08-09.09:01:19::SCWPlatform::DSA absoulate path D:/projects/sdr200/Soft/Z7010/PS/front_ps/hw/front_wrapper.xsa
TRACE::2026-08-09.09:01:19::SCWPlatform::DSA directory D:/projects/sdr200/Soft/Z7010/PS/front_ps/hw
TRACE::2026-08-09.09:01:19::SCWPlatform:: Platform Path D:/projects/sdr200/Soft/Z7010/PS/front_ps/hw/front_wrapper.xsa
TRACE::2026-08-09.09:01:19::SCWPlatform:: Unique name xilinx:::0.0
TRACE::2026-08-09.09:01:19::SCWPlatform::Trying to set the existing hwdb with name front_wrapper_7
TRACE::2026-08-09.09:01:19::SCWPlatform::Opened existing hwdb front_wrapper_7
TRACE::2026-08-09.09:01:19::SCWPlatform::Found the Hw Db part of the input DSA
TRACE::2026-08-09.09:01:19::SCWMssOS::Checking the sw design at  D:/projects/sdr200/Soft/Z7010/PS/front_ps/ps7_cortexa9_0/freertos10_xilinx_domain/bsp/system.mss
TRACE::2026-08-09.09:01:19::SCWMssOS::DEBUG:  swdes dump  D:/projects/sdr200/Soft/Z7010/PS/front_ps/ps7_cortexa9_0/freertos10_xilinx_domain/bsp/system.mss|system||
D:/projects/sdr200/Soft/Z7010/PS/front_ps/zynq_fsbl/zynq_fsbl_bsp/system.mss|system_0||

TRACE::2026-08-09.09:01:19::SCWMssOS::Sw design exists and opened at  D:/projects/sdr200/Soft/Z7010/PS/front_ps/ps7_cortexa9_0/freertos10_xilinx_domain/bsp/system.mss
